"Status","Start Time","Stop Time","Duration in ms","Parent Suite","Suite","Sub Suite","Test Class","Test Method","Name","Description"
"passed","Tue Sep 15 10:18:47 CST 2026","Tue Sep 15 10:19:24 CST 2026","36554","","","","","","test_change_system_language_updates_setup_menu_labels[Chinese]","/Users/lily/PycharmProjects/pytest-bdd-project/amp/tests/features/05_change_system_language.feature: Change_system_language_updates_setup_menu_labels"
"passed","Wed Aug 19 14:45:27 CST 2026","Wed Aug 19 14:45:55 CST 2026","27741","tests.steps","test_05_factory_default","","","","test_confirm_reboot","/Users/lily/PycharmProjects/pytest-bdd-project/amp/tests/features/05_factory_default.feature: Confirm_reboot"
"passed","Thu Sep 03 15:00:23 CST 2026","Thu Sep 03 15:00:26 CST 2026","2805","","","","","","test_control_playback_via_control4[play!]","/Users/lily/PycharmProjects/pytest-bdd-project/amp/tests/features/00_amplifier_control4_integration.feature: Control_playback_via_Control4"
"passed","Tue Sep 15 13:30:01 CST 2026","Tue Sep 15 13:30:23 CST 2026","22481","","","","","","test_change_system_language_updates_setup_menu_labels[Italian]","/Users/lily/PycharmProjects/pytest-bdd-project/amp/tests/features/05_change_system_language.feature: Change_system_language_updates_setup_menu_labels"
"passed","Mon Sep 21 16:45:09 CST 2026","Mon Sep 21 16:45:57 CST 2026","47642","tests.steps","test_05_language","","","","test_change_system_language_updates_update_menu_labels[Polish-Checked: Server has no file]","/Users/lily/PycharmProjects/pytest-bdd-project/amp/tests/features/05_change_system_language.feature: Change_system_language_updates_update_menu_labels"
"passed","Mon Sep 21 15:04:28 CST 2026","Mon Sep 21 15:06:01 CST 2026","92485","tests.steps","test_05_system_update","","","","test_check_for_internet_update_when_up_to_date[Internet-This version is the latest software]","/Users/lily/PycharmProjects/pytest-bdd-project/amp/tests/features/05_system_update.feature: Check_for_internet_update_when_up_to_date"
"passed","Thu Aug 13 09:11:49 CST 2026","Thu Aug 13 09:11:53 CST 2026","4317","tests.steps","test_00_play_via_analog_input","","","","test_analog_audio_signal_stops","/Users/lily/PycharmProjects/pytest-bdd-project/amp/tests/features/00_play_via_analog_input.feature: Analog_audio_signal_stops"
"passed","Mon Sep 14 10:18:52 CST 2026","Mon Sep 14 10:20:13 CST 2026","80922","tests.steps","test_05_system_update","","","","test_update_get_disrupted_during_download[USB]","/Users/lily/PycharmProjects/pytest-bdd-project/amp/tests/features/05_system_update.feature: Update_get_disrupted_during_download"
"passed","Mon Sep 21 16:41:44 CST 2026","Mon Sep 21 16:42:31 CST 2026","47512","tests.steps","test_05_language","","","","test_change_system_language_updates_update_menu_labels[Czech-Checked: Server has no file]","/Users/lily/PycharmProjects/pytest-bdd-project/amp/tests/features/05_change_system_language.feature: Change_system_language_updates_update_menu_labels"
"passed","Tue Sep 15 14:49:57 CST 2026","Tue Sep 15 14:53:41 CST 2026","223329","tests.steps","test_05_language","","","","test_change_system_language_updates_setup_menu_labels[Polish (2)]","/Users/lily/PycharmProjects/pytest-bdd-project/amp/tests/features/05_change_system_language.feature: Change_system_language_updates_setup_menu_labels"
"passed","Thu Sep 03 15:16:36 CST 2026","Thu Sep 03 15:16:42 CST 2026","6078","tests.steps","test_00_amplifier_control4_integration","","","","test_query_playback_status_via_control4[bass?, bass=000$]","/Users/lily/PycharmProjects/pytest-bdd-project/amp/tests/features/00_amplifier_control4_integration.feature: Query_playback_status_via_Control4"
"passed","Mon Sep 21 14:42:07 CST 2026","Mon Sep 21 14:44:02 CST 2026","115687","tests.steps","test_05_system_update","","","","test_check_for_internet_update_when_software_available[Internet-New Software]","/Users/lily/PycharmProjects/pytest-bdd-project/amp/tests/features/05_system_update.feature: Check_for_internet_update_when_software_available"
"passed","Tue Sep 15 15:57:36 CST 2026","Tue Sep 15 15:59:55 CST 2026","138713","tests.steps","test_05_language","","","","test_change_system_language_updates_setup_menu_labels[Russian (3)]","/Users/lily/PycharmProjects/pytest-bdd-project/amp/tests/features/05_change_system_language.feature: Change_system_language_updates_setup_menu_labels"
"passed","Tue Sep 15 11:08:30 CST 2026","Tue Sep 15 11:12:59 CST 2026","268907","tests.steps","test_05_language","","","","test_change_system_language_updates_setup_menu_labels[Polish]","/Users/lily/PycharmProjects/pytest-bdd-project/amp/tests/features/05_change_system_language.feature: Change_system_language_updates_setup_menu_labels"
"passed","Tue Sep 15 16:08:45 CST 2026","Tue Sep 15 16:10:56 CST 2026","131107","tests.steps","test_05_language","","","","test_change_system_language_updates_setup_menu_labels[Swedish (3)]","/Users/lily/PycharmProjects/pytest-bdd-project/amp/tests/features/05_change_system_language.feature: Change_system_language_updates_setup_menu_labels"
"passed","Thu Sep 03 14:53:55 CST 2026","Thu Sep 03 14:54:01 CST 2026","5412","tests.steps","test_00_amplifier_control4_integration","","","","test_modify_temporary_tone_control_settings_via_control4[bass_down!, bass=-01$]","/Users/lily/PycharmProjects/pytest-bdd-project/amp/tests/features/00_amplifier_control4_integration.feature: Modify_temporary_tone_control_settings_via_Control4"
"passed","Tue Sep 22 10:39:12 CST 2026","Tue Sep 22 10:39:17 CST 2026","4872","tests.steps","test_03_adjust_led_brightness","","","","test_save_led_brightness[Medium]","/Users/lily/PycharmProjects/pytest-bdd-project/amp/tests/features/03_adjust_led_brightness.feature: Save_LED_brightness"
"passed","Wed Sep 16 13:39:24 CST 2026","Wed Sep 16 13:39:51 CST 2026","27175","","","","","","test_change_system_language_updates_renew_ip_menu_labels[English]","/Users/lily/PycharmProjects/pytest-bdd-project/amp/tests/features/05_change_system_language.feature: Change_system_language_updates_renew_ip_menu_labels"
"passed","Tue Sep 22 09:51:29 CST 2026","Tue Sep 22 09:53:15 CST 2026","105804","tests.steps","test_05_language","","","","test_change_system_language_updates_update_menu_labels[Dutch-Start USB update]","/Users/lily/PycharmProjects/pytest-bdd-project/amp/tests/features/05_change_system_language.feature: Change_system_language_updates_update_menu_labels"
"passed","Wed Sep 16 11:35:02 CST 2026","Wed Sep 16 11:37:08 CST 2026","125813","tests.steps","test_05_language","","","","test_change_system_language_updates_default_menu_labels[Spanish]","/Users/lily/PycharmProjects/pytest-bdd-project/amp/tests/features/05_change_system_language.feature: Change_system_language_updates_default_menu_labels"
"passed","Wed Sep 16 10:36:02 CST 2026","Wed Sep 16 10:36:02 CST 2026","10","","","","","","test_change_system_language_updates_default_menu_labels[Chinese]","/Users/lily/PycharmProjects/pytest-bdd-project/amp/tests/features/05_change_system_language.feature: Change_system_language_updates_default_menu_labels"
"passed","Tue Sep 22 09:06:56 CST 2026","Tue Sep 22 09:08:11 CST 2026","75492","tests.steps","test_05_language","","","","test_change_system_language_updates_update_menu_labels[Chinese-Checked: New online software]","/Users/lily/PycharmProjects/pytest-bdd-project/amp/tests/features/05_change_system_language.feature: Change_system_language_updates_update_menu_labels"
"passed","Tue Sep 15 16:13:14 CST 2026","Tue Sep 15 16:15:31 CST 2026","137363","tests.steps","test_05_language","","","","test_change_system_language_updates_setup_menu_labels[Dutch (3)]","/Users/lily/PycharmProjects/pytest-bdd-project/amp/tests/features/05_change_system_language.feature: Change_system_language_updates_setup_menu_labels"
"passed","Thu Sep 03 14:31:56 CST 2026","Thu Sep 03 14:32:03 CST 2026","7168","tests.steps","test_00_amplifier_control4_integration","","","","test_query_system_status_via_control4[power?, power=on$]","/Users/lily/PycharmProjects/pytest-bdd-project/amp/tests/features/00_amplifier_control4_integration.feature: Query_system_status_via_Control4"
"passed","Tue Sep 22 08:53:38 CST 2026","Tue Sep 22 08:54:26 CST 2026","48296","tests.steps","test_05_language","","","","test_change_system_language_updates_update_menu_labels[PortugueseBR-Checked: Software is the latest]","/Users/lily/PycharmProjects/pytest-bdd-project/amp/tests/features/05_change_system_language.feature: Change_system_language_updates_update_menu_labels"
"broken","Thu Sep 03 14:21:05 CST 2026","Thu Sep 03 14:21:11 CST 2026","6005","tests.steps","test_00_amplifier_control4_integration","","","","test_update_auto_status_feedback_via_control4[rs232_update_on!,]","/Users/lily/PycharmProjects/pytest-bdd-project/amp/tests/features/00_amplifier_control4_integration.feature: Update_auto_status_feedback_via_Control4"
"passed","Tue Sep 15 14:34:53 CST 2026","Tue Sep 15 14:38:32 CST 2026","219068","tests.steps","test_05_language","","","","test_change_system_language_updates_setup_menu_labels[Czech (2)]","/Users/lily/PycharmProjects/pytest-bdd-project/amp/tests/features/05_change_system_language.feature: Change_system_language_updates_setup_menu_labels"
"passed","Tue Aug 18 14:51:37 CST 2026","Tue Aug 18 14:51:42 CST 2026","4674","tests.steps","test_03_adjust_display_brightness","","","","test_cancel_temporary_dim","/Users/lily/PycharmProjects/pytest-bdd-project/amp/tests/features/03_adjust_display_brightness.feature: Cancel_temporary_dim"
"passed","Mon Sep 14 16:08:25 CST 2026","Mon Sep 14 16:08:57 CST 2026","32056","","","","","","test_change_system_language_updates_update_menu_labels[PortugueseBR-Checked: New online software]","/Users/lily/PycharmProjects/pytest-bdd-project/amp/tests/features/05_change_system_language.feature: Change_system_language_updates_update_menu_labels"
"passed","Thu Sep 03 15:14:33 CST 2026","Thu Sep 03 15:14:39 CST 2026","6057","tests.steps","test_00_amplifier_control4_integration","","","","test_query_playback_status_via_control4[mute?, mute=off$]","/Users/lily/PycharmProjects/pytest-bdd-project/amp/tests/features/00_amplifier_control4_integration.feature: Query_playback_status_via_Control4"
"passed","Tue Sep 15 16:04:13 CST 2026","Tue Sep 15 16:06:33 CST 2026","140457","tests.steps","test_05_language","","","","test_change_system_language_updates_setup_menu_labels[Italian (3)]","/Users/lily/PycharmProjects/pytest-bdd-project/amp/tests/features/05_change_system_language.feature: Change_system_language_updates_setup_menu_labels"
"passed","Fri Sep 11 16:39:26 CST 2026","Fri Sep 11 16:39:31 CST 2026","5319","tests.steps","test_00_amplifier_control4_integration","","","","test_query_system_status_via_control4[discover?, discover=ip=192.168.50.145port=9596mac=0CEFAF92FBD5$]","/Users/lily/PycharmProjects/pytest-bdd-project/amp/tests/features/00_amplifier_control4_integration.feature: Query_system_status_via_Control4"
"passed","Fri Aug 14 09:47:52 CST 2026","Fri Aug 14 09:48:19 CST 2026","27059","tests.steps","test_00_12v_trigger_out","","","","test_user_use_12v_trigger_out[2-power_toggle!-2-2]","/Users/lily/PycharmProjects/pytest-bdd-project/amp/tests/features/00_12v_trigger_out.feature: user_use_12v_trigger_out"
"passed","Fri Sep 11 16:34:24 CST 2026","Fri Sep 11 16:34:29 CST 2026","5717","tests.steps","test_00_amplifier_control4_integration","","","","test_control_playback_via_control4[pause!]","/Users/lily/PycharmProjects/pytest-bdd-project/amp/tests/features/00_amplifier_control4_integration.feature: Control_playback_via_Control4"
"passed","Thu Sep 03 10:49:32 CST 2026","Thu Sep 03 10:51:26 CST 2026","114457","","","","","","test_exit_standby_when_signal_sense_source_is_not_last_listening_source[COAX 1]","/Users/lily/PycharmProjects/pytest-bdd-project/amp/tests/features/02_signal_sense.feature: Exit_standby_when_Signal_Sense_source_is_NOT_last_listening_source"
"passed","Tue Sep 22 09:05:40 CST 2026","Tue Sep 22 09:06:56 CST 2026","75382","tests.steps","test_05_language","","","","test_change_system_language_updates_update_menu_labels[English-Checked: New online software]","/Users/lily/PycharmProjects/pytest-bdd-project/amp/tests/features/05_change_system_language.feature: Change_system_language_updates_update_menu_labels"
"passed","Thu Aug 13 14:34:01 CST 2026","Thu Aug 13 14:34:06 CST 2026","5225","tests.steps","test_00_play_via_bluetooth_input","","","","test_disconnect_the_system","/Users/lily/PycharmProjects/pytest-bdd-project/amp/tests/features/00_play_via_bluetooth_input.feature: Disconnect_the_system"
"passed","Tue Aug 18 10:45:44 CST 2026","Tue Aug 18 10:45:50 CST 2026","6608","","","","","","test_set_temporary_tone[balance, R10]","/Users/lily/PycharmProjects/pytest-bdd-project/amp/tests/features/02_tone_control.feature: Set_temporary_tone"
"passed","Tue Sep 15 11:22:03 CST 2026","Tue Sep 15 11:26:32 CST 2026","269045","tests.steps","test_05_language","","","","test_change_system_language_updates_setup_menu_labels[Spanish]","/Users/lily/PycharmProjects/pytest-bdd-project/amp/tests/features/05_change_system_language.feature: Change_system_language_updates_setup_menu_labels"
"passed","Mon Aug 17 15:04:31 CST 2026","Mon Aug 17 15:04:31 CST 2026","772","","","","","","test_exit_standby_when_last_listening_source_is_signal_sense[COAX 2]","/Users/lily/PycharmProjects/pytest-bdd-project/amp/tests/features/02_signal_sense.feature: Exit_standby_when_last_listening_source_is_Signal_Sense"
"passed","Tue Sep 15 14:59:59 CST 2026","Tue Sep 15 15:03:36 CST 2026","217741","tests.steps","test_05_language","","","","test_change_system_language_updates_setup_menu_labels[Russian (2)]","/Users/lily/PycharmProjects/pytest-bdd-project/amp/tests/features/05_change_system_language.feature: Change_system_language_updates_setup_menu_labels"
"passed","Tue Sep 15 13:33:06 CST 2026","Tue Sep 15 13:34:35 CST 2026","89096","tests.steps","test_05_language","","","","test_change_system_language_updates_setup_menu_labels[Swedish]","/Users/lily/PycharmProjects/pytest-bdd-project/amp/tests/features/05_change_system_language.feature: Change_system_language_updates_setup_menu_labels"
"passed","Wed Sep 16 11:25:31 CST 2026","Wed Sep 16 11:25:55 CST 2026","23770","","","","","","test_change_system_language_updates_default_menu_labels[Russian]","/Users/lily/PycharmProjects/pytest-bdd-project/amp/tests/features/05_change_system_language.feature: Change_system_language_updates_default_menu_labels"
"passed","Wed Sep 16 10:51:24 CST 2026","Wed Sep 16 10:51:48 CST 2026","23936","","","","","","test_change_system_language_updates_default_menu_labels[English]","/Users/lily/PycharmProjects/pytest-bdd-project/amp/tests/features/05_change_system_language.feature: Change_system_language_updates_default_menu_labels"
"passed","Thu Sep 03 14:43:47 CST 2026","Thu Sep 03 14:43:52 CST 2026","5922","tests.steps","test_00_amplifier_control4_integration","","","","test_change_source_via_control4[coax2!, source=coax2$]","/Users/lily/PycharmProjects/pytest-bdd-project/amp/tests/features/00_amplifier_control4_integration.feature: Change_source_via_Control4"
"passed","Fri Aug 14 10:14:22 CST 2026","Fri Aug 14 10:15:47 CST 2026","85288","","","","","","test_user_hides_input_from_the_source_menu[MICHI-COAX 1-14]","/Users/lily/PycharmProjects/pytest-bdd-project/amp/tests/features/01_hide_input.feature: user_hides_input_from_the_source_menu"
"passed","Tue Aug 18 14:44:30 CST 2026","Tue Aug 18 14:44:44 CST 2026","14082","","","","","","test_dim_the_display_temporarily","/Users/lily/PycharmProjects/pytest-bdd-project/amp/tests/features/03_adjust_display_brightness.feature: Dim_the_display_temporarily"
"passed","Tue Sep 22 09:18:16 CST 2026","Tue Sep 22 09:19:32 CST 2026","75791","tests.steps","test_05_language","","","","test_change_system_language_updates_update_menu_labels[French-Checked: New online software]","/Users/lily/PycharmProjects/pytest-bdd-project/amp/tests/features/05_change_system_language.feature: Change_system_language_updates_update_menu_labels"
"passed","Mon Sep 21 16:20:08 CST 2026","Mon Sep 21 16:20:40 CST 2026","32174","tests.steps","test_05_language","","","","test_change_system_language_updates_update_menu_labels[Polish-Checked: Internet is unavailable]","/Users/lily/PycharmProjects/pytest-bdd-project/amp/tests/features/05_change_system_language.feature: Change_system_language_updates_update_menu_labels"
"passed","Mon Sep 21 16:27:54 CST 2026","Mon Sep 21 16:28:24 CST 2026","29719","tests.steps","test_05_language","","","","test_change_system_language_updates_update_menu_labels[PortugueseBR-Checked: USB has no file]","/Users/lily/PycharmProjects/pytest-bdd-project/amp/tests/features/05_change_system_language.feature: Change_system_language_updates_update_menu_labels"
"passed","Tue Sep 15 10:18:03 CST 2026","Tue Sep 15 10:18:06 CST 2026","3430","","","","","","test_change_system_language_updates_setup_menu_labels[Chinese]","/Users/lily/PycharmProjects/pytest-bdd-project/amp/tests/features/05_change_system_language.feature: Change_system_language_updates_setup_menu_labels"
"passed","Mon Sep 14 11:05:44 CST 2026","Mon Sep 14 11:05:44 CST 2026","687","","","","","","test_update_successfully_via_the_usb[MBR,FAT32,64GB-USB]","/Users/lily/PycharmProjects/pytest-bdd-project/amp/tests/features/05_system_update.feature: Update_successfully_via_the_USB"
"passed","Wed Sep 16 11:01:01 CST 2026","Wed Sep 16 11:01:07 CST 2026","6267","","","","","","test_change_system_language_updates_default_menu_labels[German]","/Users/lily/PycharmProjects/pytest-bdd-project/amp/tests/features/05_change_system_language.feature: Change_system_language_updates_default_menu_labels"
"passed","Tue Aug 18 14:24:20 CST 2026","Tue Aug 18 14:25:12 CST 2026","51479","tests.steps","test_03_adjust_display_brightness","","","","test_preview_display_brightness[Medium]","/Users/lily/PycharmProjects/pytest-bdd-project/amp/tests/features/03_adjust_display_brightness.feature: Preview_display_brightness"
"passed","Thu Sep 03 14:32:36 CST 2026","Thu Sep 03 14:32:43 CST 2026","6807","tests.steps","test_00_amplifier_control4_integration","","","","test_query_system_status_via_control4[pc_version?, pc_version=3.03$]","/Users/lily/PycharmProjects/pytest-bdd-project/amp/tests/features/00_amplifier_control4_integration.feature: Query_system_status_via_Control4"
"passed","Thu Sep 03 14:32:17 CST 2026","Thu Sep 03 14:32:24 CST 2026","6889","tests.steps","test_00_amplifier_control4_integration","","","","test_query_system_status_via_control4[dimmer?, dimmer=0$]","/Users/lily/PycharmProjects/pytest-bdd-project/amp/tests/features/00_amplifier_control4_integration.feature: Query_system_status_via_Control4"
"passed","Mon Sep 21 16:02:49 CST 2026","Mon Sep 21 16:03:39 CST 2026","49820","","","","","","test_change_system_language_updates_update_menu_labels[English-Checked: USB source is unavailable]","/Users/lily/PycharmProjects/pytest-bdd-project/amp/tests/features/05_change_system_language.feature: Change_system_language_updates_update_menu_labels"
"passed","Wed Aug 19 14:43:26 CST 2026","Wed Aug 19 14:44:26 CST 2026","60024","tests.steps","test_05_factory_default","","","","test_start_factory_default","/Users/lily/PycharmProjects/pytest-bdd-project/amp/tests/features/05_factory_default.feature: Start_factory_default"
"broken","Tue Aug 18 10:19:44 CST 2026","Tue Aug 18 10:19:53 CST 2026","8756","tests.steps","test_02_tone_control","","","","test_set_temporary_tone[bass, -10]","/Users/lily/PycharmProjects/pytest-bdd-project/amp/tests/features/02_tone_control.feature: Set_temporary_tone"
"passed","Fri Aug 14 15:16:15 CST 2026","Fri Aug 14 15:16:23 CST 2026","7754","","","","","","test_set_max_volume","/Users/lily/PycharmProjects/pytest-bdd-project/amp/tests/features/02_max_volume.feature: Set_Max_Volume"
"passed","Tue Sep 22 09:19:32 CST 2026","Tue Sep 22 09:20:52 CST 2026","80611","tests.steps","test_05_language","","","","test_change_system_language_updates_update_menu_labels[Dutch-Checked: New online software]","/Users/lily/PycharmProjects/pytest-bdd-project/amp/tests/features/05_change_system_language.feature: Change_system_language_updates_update_menu_labels"
"passed","Tue Aug 18 10:46:11 CST 2026","Tue Aug 18 10:47:21 CST 2026","69798","tests.steps","test_02_tone_control","","","","test_set_temporary_tone[balance, +10]","/Users/lily/PycharmProjects/pytest-bdd-project/amp/tests/features/02_tone_control.feature: Set_temporary_tone"
"passed","Thu Sep 03 15:10:28 CST 2026","Thu Sep 03 15:10:34 CST 2026","5673","","","","","","test_control_playback_via_control4[trkf!]","/Users/lily/PycharmProjects/pytest-bdd-project/amp/tests/features/00_amplifier_control4_integration.feature: Control_playback_via_Control4"
"passed","Fri Sep 11 14:00:33 CST 2026","Fri Sep 11 14:01:05 CST 2026","31758","","","","","","test_exit_standby_when_signal_sense_source_is_last_listening_source[PC-USB]","/Users/lily/PycharmProjects/pytest-bdd-project/amp/tests/features/02_signal_sense.feature: Exit_standby_when_Signal_Sense_source_is_last_listening_source"
"passed","Wed Sep 16 10:36:46 CST 2026","Wed Sep 16 10:37:07 CST 2026","20921","","","","","","test_change_system_language_updates_default_menu_labels[English]","/Users/lily/PycharmProjects/pytest-bdd-project/amp/tests/features/05_change_system_language.feature: Change_system_language_updates_default_menu_labels"
"passed","Thu Sep 03 14:19:54 CST 2026","Thu Sep 03 14:19:59 CST 2026","5848","tests.steps","test_00_amplifier_control4_integration","","","","test_change_display_dimmer_via_control4[dimmer_2!, dimmer=2$]","/Users/lily/PycharmProjects/pytest-bdd-project/amp/tests/features/00_amplifier_control4_integration.feature: Change_display_dimmer_via_Control4"
"passed","Thu Sep 03 14:20:11 CST 2026","Thu Sep 03 14:20:17 CST 2026","5792","tests.steps","test_00_amplifier_control4_integration","","","","test_change_display_dimmer_via_control4[dimmer!, dimmer=1$]","/Users/lily/PycharmProjects/pytest-bdd-project/amp/tests/features/00_amplifier_control4_integration.feature: Change_display_dimmer_via_Control4"
"passed","Thu Aug 13 10:36:49 CST 2026","Thu Aug 13 10:36:53 CST 2026","4201","tests.steps","test_00_play_via_bluetooth_input","","","","test_select_bluetooth_source","/Users/lily/PycharmProjects/pytest-bdd-project/amp/tests/features/00_play_via_bluetooth_input.feature: Select_Bluetooth_source"
"passed","Fri Aug 14 14:25:53 CST 2026","Fri Aug 14 14:26:20 CST 2026","27594","tests.steps","test_02_home_theater_bypass","","","","test_turn_on_avr_when_both_devices_are_off","/Users/lily/PycharmProjects/pytest-bdd-project/amp/tests/features/02_home_theater_bypass.feature: Turn_on_AVR_when_both_devices_are_off"
"passed","Tue Aug 18 09:14:13 CST 2026","Tue Aug 18 09:15:39 CST 2026","86508","tests.steps","test_02_tone_control","","","","test_preview_tone_settings[bass, -10]","/Users/lily/PycharmProjects/pytest-bdd-project/amp/tests/features/02_tone_control.feature: Preview_tone_settings"
"passed","Wed Sep 16 13:39:17 CST 2026","Wed Sep 16 13:39:20 CST 2026","3064","","","","","","test_change_system_language_updates_renew_ip_menu_labels[English]","/Users/lily/PycharmProjects/pytest-bdd-project/amp/tests/features/05_change_system_language.feature: Change_system_language_updates_renew_ip_menu_labels"
"passed","Wed Sep 16 10:36:13 CST 2026","Wed Sep 16 10:36:41 CST 2026","27547","","","","","","test_change_system_language_updates_default_menu_labels[English]","/Users/lily/PycharmProjects/pytest-bdd-project/amp/tests/features/05_change_system_language.feature: Change_system_language_updates_default_menu_labels"
"passed","Thu Aug 13 11:49:56 CST 2026","Thu Aug 13 11:50:12 CST 2026","16210","tests.steps","test_00_play_via_bluetooth_input","","","","test_change_track[amp_remote]","/Users/lily/PycharmProjects/pytest-bdd-project/amp/tests/features/00_play_via_bluetooth_input.feature: Change_track"
"passed","Tue Sep 22 08:57:39 CST 2026","Tue Sep 22 08:58:27 CST 2026","48099","tests.steps","test_05_language","","","","test_change_system_language_updates_update_menu_labels[Spanish-Checked: Software is the latest]","/Users/lily/PycharmProjects/pytest-bdd-project/amp/tests/features/05_change_system_language.feature: Change_system_language_updates_update_menu_labels"
"passed","Thu Sep 03 14:44:16 CST 2026","Thu Sep 03 14:44:23 CST 2026","7066","tests.steps","test_00_amplifier_control4_integration","","","","test_change_source_via_control4[pcusb!, source=pcusb$]","/Users/lily/PycharmProjects/pytest-bdd-project/amp/tests/features/00_amplifier_control4_integration.feature: Change_source_via_Control4"
"passed","Wed Sep 16 13:50:22 CST 2026","Wed Sep 16 13:50:56 CST 2026","34078","","","","","","test_change_system_language_updates_renew_ip_menu_labels[English]","/Users/lily/PycharmProjects/pytest-bdd-project/amp/tests/features/05_change_system_language.feature: Change_system_language_updates_renew_ip_menu_labels"
"passed","Thu Sep 03 14:38:57 CST 2026","Thu Sep 03 14:39:02 CST 2026","5550","tests.steps","test_00_amplifier_control4_integration","","","","test_query_system_status_via_control4[ip?, ip=192.168.50.112$]","/Users/lily/PycharmProjects/pytest-bdd-project/amp/tests/features/00_amplifier_control4_integration.feature: Query_system_status_via_Control4"
"passed","Mon Sep 21 16:27:25 CST 2026","Mon Sep 21 16:27:54 CST 2026","29251","tests.steps","test_05_language","","","","test_change_system_language_updates_update_menu_labels[Czech-Checked: USB has no file]","/Users/lily/PycharmProjects/pytest-bdd-project/amp/tests/features/05_change_system_language.feature: Change_system_language_updates_update_menu_labels"
"passed","Tue Sep 22 09:31:28 CST 2026","Tue Sep 22 09:31:38 CST 2026","10122","","","","","","test_change_system_language_updates_update_menu_labels[Chinese-Start USB update]","/Users/lily/PycharmProjects/pytest-bdd-project/amp/tests/features/05_change_system_language.feature: Change_system_language_updates_update_menu_labels"
"passed","Wed Sep 16 11:14:23 CST 2026","Wed Sep 16 11:14:56 CST 2026","32917","","","","","","test_change_system_language_updates_default_menu_labels[Polish]","/Users/lily/PycharmProjects/pytest-bdd-project/amp/tests/features/05_change_system_language.feature: Change_system_language_updates_default_menu_labels"
"passed","Tue Sep 15 14:34:48 CST 2026","Tue Sep 15 14:34:51 CST 2026","2976","","","","","","test_change_system_language_updates_setup_menu_labels[Czech (2)]","/Users/lily/PycharmProjects/pytest-bdd-project/amp/tests/features/05_change_system_language.feature: Change_system_language_updates_setup_menu_labels"
"passed","Tue Sep 15 14:25:10 CST 2026","Tue Sep 15 14:25:19 CST 2026","8632","","","","","","test_change_system_language_updates_setup_menu_labels[Czech (2)]","/Users/lily/PycharmProjects/pytest-bdd-project/amp/tests/features/05_change_system_language.feature: Change_system_language_updates_setup_menu_labels"
"passed","Tue Sep 22 10:42:03 CST 2026","Tue Sep 22 10:42:13 CST 2026","9933","tests.steps","test_00_play_via_bluetooth_input","","","","test_play_bluetooth_audio[aptX HD]","/Users/lily/PycharmProjects/pytest-bdd-project/amp/tests/features/00_play_via_bluetooth_input.feature: Play_Bluetooth_audio"
"passed","Tue Sep 22 09:26:59 CST 2026","Tue Sep 22 09:27:57 CST 2026","58295","","","","","","test_change_system_language_updates_update_menu_labels[English-Start USB update]","/Users/lily/PycharmProjects/pytest-bdd-project/amp/tests/features/05_change_system_language.feature: Change_system_language_updates_update_menu_labels"
"passed","Fri Aug 14 11:12:26 CST 2026","Fri Aug 14 11:16:20 CST 2026","233882","tests.steps","test_01_rename_input_source","","","","test_rename_an_input_source","/Users/lily/PycharmProjects/pytest-bdd-project/amp/tests/features/01_rename_input_source.feature: Rename an input source"
"passed","Mon Sep 21 16:11:33 CST 2026","Mon Sep 21 16:12:11 CST 2026","38574","tests.steps","test_05_language","","","","test_change_system_language_updates_update_menu_labels[Swedish-Checked: USB source is unavailable]","/Users/lily/PycharmProjects/pytest-bdd-project/amp/tests/features/05_change_system_language.feature: Change_system_language_updates_update_menu_labels"
"passed","Mon Sep 21 16:21:45 CST 2026","Mon Sep 21 16:22:17 CST 2026","32245","tests.steps","test_05_language","","","","test_change_system_language_updates_update_menu_labels[Spanish-Checked: Internet is unavailable]","/Users/lily/PycharmProjects/pytest-bdd-project/amp/tests/features/05_change_system_language.feature: Change_system_language_updates_update_menu_labels"
"passed","Fri Aug 14 10:23:28 CST 2026","Fri Aug 14 10:24:06 CST 2026","37204","","","","","","test_user_hides_input_from_the_source_menu[MICHI-AUX-1]","/Users/lily/PycharmProjects/pytest-bdd-project/amp/tests/features/01_hide_input.feature: user_hides_input_from_the_source_menu"
"passed","Thu Sep 03 14:43:41 CST 2026","Thu Sep 03 14:43:46 CST 2026","5147","tests.steps","test_00_amplifier_control4_integration","","","","test_change_source_via_control4[coax1!, source=coax1$]","/Users/lily/PycharmProjects/pytest-bdd-project/amp/tests/features/00_amplifier_control4_integration.feature: Change_source_via_Control4"
"passed","Mon Sep 21 16:48:19 CST 2026","Mon Sep 21 16:49:06 CST 2026","47367","tests.steps","test_05_language","","","","test_change_system_language_updates_update_menu_labels[Swedish-Checked: Server has no file]","/Users/lily/PycharmProjects/pytest-bdd-project/amp/tests/features/05_change_system_language.feature: Change_system_language_updates_update_menu_labels"
"passed","Fri Aug 14 09:50:59 CST 2026","Fri Aug 14 09:51:27 CST 2026","28048","tests.steps","test_00_12v_trigger_out","","","","test_user_use_12v_trigger_out[1-power_toggle!-2-2]","/Users/lily/PycharmProjects/pytest-bdd-project/amp/tests/features/00_12v_trigger_out.feature: user_use_12v_trigger_out"
"passed","Tue Sep 22 09:14:29 CST 2026","Tue Sep 22 09:15:45 CST 2026","75601","tests.steps","test_05_language","","","","test_change_system_language_updates_update_menu_labels[Italian-Checked: New online software]","/Users/lily/PycharmProjects/pytest-bdd-project/amp/tests/features/05_change_system_language.feature: Change_system_language_updates_update_menu_labels"
"passed","Tue Sep 15 13:32:41 CST 2026","Tue Sep 15 13:32:47 CST 2026","6540","","","","","","test_change_system_language_updates_setup_menu_labels[Swedish]","/Users/lily/PycharmProjects/pytest-bdd-project/amp/tests/features/05_change_system_language.feature: Change_system_language_updates_setup_menu_labels"
"passed","Fri Aug 14 14:09:34 CST 2026","Fri Aug 14 14:10:08 CST 2026","33723","tests.steps","test_02_home_theater_bypass","","","","test_set_an_ht_bypass_source","/Users/lily/PycharmProjects/pytest-bdd-project/amp/tests/features/02_home_theater_bypass.feature: Set_an_HT_Bypass_source"
"passed","Thu Aug 13 15:55:25 CST 2026","Thu Aug 13 15:55:33 CST 2026","8530","","","","","","test_adjust_volume[remote, 0]","/Users/lily/PycharmProjects/pytest-bdd-project/amp/tests/features/00_adjust_volume.feature: adjust_volume"
"passed","Thu Sep 03 09:59:57 CST 2026","Thu Sep 03 10:21:30 CST 2026","1293482","","","","","","test_exit_standby_when_signal_sense_source_is_last_listening_source[BLUETOOTH]","/Users/lily/PycharmProjects/pytest-bdd-project/amp/tests/features/02_signal_sense.feature: Exit_standby_when_Signal_Sense_source_is_last_listening_source"
"passed","Thu Sep 03 15:06:39 CST 2026","Thu Sep 03 15:06:40 CST 2026","1582","","","","","","test_control_playback_via_control4[trkf!]","/Users/lily/PycharmProjects/pytest-bdd-project/amp/tests/features/00_amplifier_control4_integration.feature: Control_playback_via_Control4"
"passed","Tue Sep 15 14:48:38 CST 2026","Tue Sep 15 14:49:27 CST 2026","49012","tests.steps","test_05_language","","","","test_change_system_language_updates_setup_menu_labels[German (2)]","/Users/lily/PycharmProjects/pytest-bdd-project/amp/tests/features/05_change_system_language.feature: Change_system_language_updates_setup_menu_labels"
"passed","Fri Aug 14 10:00:35 CST 2026","Fri Aug 14 10:01:08 CST 2026","32813","","","","","","test_user_preview_fixed_volume[MICHI-45-BLUETOOTH]","/Users/lily/PycharmProjects/pytest-bdd-project/amp/tests/features/01_fix_volume.feature: user_preview_fixed_volume"
"passed","Tue Sep 01 15:16:43 CST 2026","Tue Sep 01 15:16:48 CST 2026","4515","tests.steps","test_00_play_from_usb_source","","","","test_detect_supported_usb_filesystem[NTFS, 256GB]","/Users/lily/PycharmProjects/pytest-bdd-project/amp/tests/features/00_play_from_usb_source.feature: Detect_supported_USB_filesystem"
"passed","Thu Sep 03 14:53:38 CST 2026","Thu Sep 03 14:53:44 CST 2026","5706","tests.steps","test_00_amplifier_control4_integration","","","","test_modify_temporary_tone_control_settings_via_control4[bypass_off!, bypass=off$]","/Users/lily/PycharmProjects/pytest-bdd-project/amp/tests/features/00_amplifier_control4_integration.feature: Modify_temporary_tone_control_settings_via_Control4"
"passed","Fri Sep 11 16:33:12 CST 2026","Fri Sep 11 16:33:13 CST 2026","564","","","","","","test_control_playback_via_control4[pause!]","/Users/lily/PycharmProjects/pytest-bdd-project/amp/tests/features/00_amplifier_control4_integration.feature: Control_playback_via_Control4"
"passed","Thu Sep 03 15:12:21 CST 2026","Thu Sep 03 15:12:29 CST 2026","7932","tests.steps","test_00_amplifier_control4_integration","","","","test_control_playback_via_control4[stop!]","/Users/lily/PycharmProjects/pytest-bdd-project/amp/tests/features/00_amplifier_control4_integration.feature: Control_playback_via_Control4"
"passed","Tue Sep 15 10:20:22 CST 2026","Tue Sep 15 10:20:59 CST 2026","36669","","","","","","test_change_system_language_updates_setup_menu_labels[Chinese]","/Users/lily/PycharmProjects/pytest-bdd-project/amp/tests/features/05_change_system_language.feature: Change_system_language_updates_setup_menu_labels"
"passed","Tue Sep 22 09:10:41 CST 2026","Tue Sep 22 09:11:57 CST 2026","75709","tests.steps","test_05_language","","","","test_change_system_language_updates_update_menu_labels[German-Checked: New online software]","/Users/lily/PycharmProjects/pytest-bdd-project/amp/tests/features/05_change_system_language.feature: Change_system_language_updates_update_menu_labels"
"passed","Tue Sep 15 10:21:21 CST 2026","Tue Sep 15 10:25:50 CST 2026","268705","tests.steps","test_05_language","","","","test_change_system_language_updates_setup_menu_labels[Chinese]","/Users/lily/PycharmProjects/pytest-bdd-project/amp/tests/features/05_change_system_language.feature: Change_system_language_updates_setup_menu_labels"
"passed","Thu Sep 03 14:54:01 CST 2026","Thu Sep 03 14:54:06 CST 2026","5309","tests.steps","test_00_amplifier_control4_integration","","","","test_modify_temporary_tone_control_settings_via_control4[treble_up!, treble=+01$]","/Users/lily/PycharmProjects/pytest-bdd-project/amp/tests/features/00_amplifier_control4_integration.feature: Modify_temporary_tone_control_settings_via_Control4"
"passed","Mon Sep 21 16:17:57 CST 2026","Mon Sep 21 16:18:30 CST 2026","33031","tests.steps","test_05_language","","","","test_change_system_language_updates_update_menu_labels[Chinese-Checked: Internet is unavailable]","/Users/lily/PycharmProjects/pytest-bdd-project/amp/tests/features/05_change_system_language.feature: Change_system_language_updates_update_menu_labels"
"passed","Mon Sep 21 16:30:22 CST 2026","Mon Sep 21 16:30:51 CST 2026","29244","tests.steps","test_05_language","","","","test_change_system_language_updates_update_menu_labels[Spanish-Checked: USB has no file]","/Users/lily/PycharmProjects/pytest-bdd-project/amp/tests/features/05_change_system_language.feature: Change_system_language_updates_update_menu_labels"
"passed","Fri Sep 11 14:20:07 CST 2026","Fri Sep 11 14:21:30 CST 2026","82595","","","","","","test_exit_standby_when_signal_sense_source_is_not_last_listening_source[BLUETOOTH]","/Users/lily/PycharmProjects/pytest-bdd-project/amp/tests/features/02_signal_sense.feature: Exit_standby_when_Signal_Sense_source_is_NOT_last_listening_source"
"passed","Tue Sep 15 14:42:17 CST 2026","Tue Sep 15 14:43:06 CST 2026","48954","","","","","","test_change_system_language_updates_setup_menu_labels[German (2)]","/Users/lily/PycharmProjects/pytest-bdd-project/amp/tests/features/05_change_system_language.feature: Change_system_language_updates_setup_menu_labels"
"passed","Mon Sep 21 16:40:56 CST 2026","Mon Sep 21 16:41:44 CST 2026","47269","tests.steps","test_05_language","","","","test_change_system_language_updates_update_menu_labels[Chinese-Checked: Server has no file]","/Users/lily/PycharmProjects/pytest-bdd-project/amp/tests/features/05_change_system_language.feature: Change_system_language_updates_update_menu_labels"
"passed","Tue Sep 15 09:53:37 CST 2026","Tue Sep 15 09:54:55 CST 2026","78202","tests.steps","test_05_language","","","","test_change_system_language_updates_setup_menu_labels[English]","/Users/lily/PycharmProjects/pytest-bdd-project/amp/tests/features/05_change_system_language.feature: Change_system_language_updates_setup_menu_labels"
"failed","Thu Sep 03 14:32:55 CST 2026","Thu Sep 03 14:33:01 CST 2026","5855","tests.steps","test_00_amplifier_control4_integration","","","","test_query_system_status_via_control4[ip?, ip=192.168.50.121$]","/Users/lily/PycharmProjects/pytest-bdd-project/amp/tests/features/00_amplifier_control4_integration.feature: Query_system_status_via_Control4"
"passed","Tue Sep 22 10:41:38 CST 2026","Tue Sep 22 10:41:53 CST 2026","14795","","","","","","test_play_bluetooth_audio[aptX HD]","/Users/lily/PycharmProjects/pytest-bdd-project/amp/tests/features/00_play_via_bluetooth_input.feature: Play_Bluetooth_audio"
"passed","Fri Sep 11 13:59:34 CST 2026","Fri Sep 11 14:00:29 CST 2026","55065","","","","","","test_exit_standby_when_signal_sense_source_is_last_listening_source[PC-USB]","/Users/lily/PycharmProjects/pytest-bdd-project/amp/tests/features/02_signal_sense.feature: Exit_standby_when_Signal_Sense_source_is_last_listening_source"
"passed","Tue Aug 18 10:41:56 CST 2026","Tue Aug 18 10:43:09 CST 2026","73277","tests.steps","test_02_tone_control","","","","test_set_temporary_tone[treble, +10]","/Users/lily/PycharmProjects/pytest-bdd-project/amp/tests/features/02_tone_control.feature: Set_temporary_tone"
"passed","Tue Sep 22 10:29:56 CST 2026","Tue Sep 22 10:30:02 CST 2026","6533","tests.steps","test_04_change_network_type","","","","test_set_dhcp","/Users/lily/PycharmProjects/pytest-bdd-project/amp/tests/features/04_change_network_type.feature: Set_DHCP"
"passed","Mon Sep 21 16:19:03 CST 2026","Mon Sep 21 16:19:36 CST 2026","32569","tests.steps","test_05_language","","","","test_change_system_language_updates_update_menu_labels[PortugueseBR-Checked: Internet is unavailable]","/Users/lily/PycharmProjects/pytest-bdd-project/amp/tests/features/05_change_system_language.feature: Change_system_language_updates_update_menu_labels"
"passed","Thu Sep 03 14:44:09 CST 2026","Thu Sep 03 14:44:15 CST 2026","5135","tests.steps","test_00_amplifier_control4_integration","","","","test_change_source_via_control4[opt3!, source=opt3$]","/Users/lily/PycharmProjects/pytest-bdd-project/amp/tests/features/00_amplifier_control4_integration.feature: Change_source_via_Control4"
"passed","Thu Sep 03 14:44:24 CST 2026","Thu Sep 03 14:44:29 CST 2026","5172","tests.steps","test_00_amplifier_control4_integration","","","","test_change_source_via_control4[bluetooth!, source=bluetooth$]","/Users/lily/PycharmProjects/pytest-bdd-project/amp/tests/features/00_amplifier_control4_integration.feature: Change_source_via_Control4"
"passed","Wed Aug 19 09:22:31 CST 2026","Wed Aug 19 09:23:50 CST 2026","78985","","","","","","test_save_led_brightness[High]","/Users/lily/PycharmProjects/pytest-bdd-project/amp/tests/features/03_adjust_led_brightness.feature: Save_LED_brightness"
"passed","Tue Sep 15 15:43:14 CST 2026","Tue Sep 15 15:45:26 CST 2026","131906","tests.steps","test_05_language","","","","test_change_system_language_updates_setup_menu_labels[English (3)]","/Users/lily/PycharmProjects/pytest-bdd-project/amp/tests/features/05_change_system_language.feature: Change_system_language_updates_setup_menu_labels"
"passed","Thu Sep 03 14:54:29 CST 2026","Thu Sep 03 14:54:37 CST 2026","8268","tests.steps","test_00_amplifier_control4_integration","","","","test_modify_temporary_tone_control_settings_via_control4[balance_l!, balance=l01$]","/Users/lily/PycharmProjects/pytest-bdd-project/amp/tests/features/00_amplifier_control4_integration.feature: Modify_temporary_tone_control_settings_via_Control4"
"passed","Tue Sep 15 11:07:23 CST 2026","Tue Sep 15 11:07:49 CST 2026","26471","","","","","","test_change_system_language_updates_setup_menu_labels[Polish]","/Users/lily/PycharmProjects/pytest-bdd-project/amp/tests/features/05_change_system_language.feature: Change_system_language_updates_setup_menu_labels"
"passed","Tue Sep 22 08:58:27 CST 2026","Tue Sep 22 08:59:16 CST 2026","48391","tests.steps","test_05_language","","","","test_change_system_language_updates_update_menu_labels[Swedish-Checked: Software is the latest]","/Users/lily/PycharmProjects/pytest-bdd-project/amp/tests/features/05_change_system_language.feature: Change_system_language_updates_update_menu_labels"
"passed","Wed Sep 16 11:09:57 CST 2026","Wed Sep 16 11:10:21 CST 2026","23737","","","","","","test_change_system_language_updates_default_menu_labels[German]","/Users/lily/PycharmProjects/pytest-bdd-project/amp/tests/features/05_change_system_language.feature: Change_system_language_updates_default_menu_labels"
"passed","Tue Sep 15 14:47:27 CST 2026","Tue Sep 15 14:47:41 CST 2026","13953","","","","","","test_change_system_language_updates_setup_menu_labels[Polish (2)]","/Users/lily/PycharmProjects/pytest-bdd-project/amp/tests/features/05_change_system_language.feature: Change_system_language_updates_setup_menu_labels"
"passed","Thu Sep 03 14:52:33 CST 2026","Thu Sep 03 14:52:38 CST 2026","5035","tests.steps","test_00_amplifier_control4_integration","","","","test_mute_via_control4[mute_on!, mute=on$]","/Users/lily/PycharmProjects/pytest-bdd-project/amp/tests/features/00_amplifier_control4_integration.feature: Mute_via_Control4"
"passed","Mon Sep 14 10:28:25 CST 2026","Mon Sep 14 10:28:39 CST 2026","14521","","","","","","test_update_get_disrupted_during_update[USB]","/Users/lily/PycharmProjects/pytest-bdd-project/amp/tests/features/05_system_update.feature: Update_get_disrupted_during_update"
"passed","Mon Sep 21 16:39:11 CST 2026","Mon Sep 21 16:39:43 CST 2026","32003","","","","","","test_change_system_language_updates_update_menu_labels[Czech-Checked: Server has no file]","/Users/lily/PycharmProjects/pytest-bdd-project/amp/tests/features/05_change_system_language.feature: Change_system_language_updates_update_menu_labels"
"passed","Thu Sep 03 15:16:43 CST 2026","Thu Sep 03 15:16:49 CST 2026","5990","tests.steps","test_00_amplifier_control4_integration","","","","test_query_playback_status_via_control4[treble?, treble=000$]","/Users/lily/PycharmProjects/pytest-bdd-project/amp/tests/features/00_amplifier_control4_integration.feature: Query_playback_status_via_Control4"
"passed","Wed Sep 16 10:54:49 CST 2026","Wed Sep 16 10:56:47 CST 2026","117271","tests.steps","test_05_language","","","","test_change_system_language_updates_default_menu_labels[Chinese]","/Users/lily/PycharmProjects/pytest-bdd-project/amp/tests/features/05_change_system_language.feature: Change_system_language_updates_default_menu_labels"
"passed","Tue Sep 15 13:52:25 CST 2026","Tue Sep 15 13:52:43 CST 2026","18957","","","","","","test_change_system_language_updates_setup_menu_labels[English (2)]","/Users/lily/PycharmProjects/pytest-bdd-project/amp/tests/features/05_change_system_language.feature: Change_system_language_updates_setup_menu_labels"
"passed","Tue Aug 18 10:22:01 CST 2026","Tue Aug 18 10:22:14 CST 2026","13098","","","","","","test_set_temporary_tone[bass, -10]","/Users/lily/PycharmProjects/pytest-bdd-project/amp/tests/features/02_tone_control.feature: Set_temporary_tone"
"passed","Thu Sep 03 14:52:21 CST 2026","Thu Sep 03 14:52:27 CST 2026","5407","tests.steps","test_00_amplifier_control4_integration","","","","test_mute_via_control4[mute!, mute=on$]","/Users/lily/PycharmProjects/pytest-bdd-project/amp/tests/features/00_amplifier_control4_integration.feature: Mute_via_Control4"
"passed","Tue Aug 18 14:33:00 CST 2026","Tue Aug 18 14:33:55 CST 2026","55591","tests.steps","test_03_adjust_display_brightness","","","","test_preview_display_brightness[High]","/Users/lily/PycharmProjects/pytest-bdd-project/amp/tests/features/03_adjust_display_brightness.feature: Preview_display_brightness"
"passed","Mon Sep 21 16:15:08 CST 2026","Mon Sep 21 16:15:43 CST 2026","34256","tests.steps","test_05_language","","","","test_change_system_language_updates_update_menu_labels[English-Checked: Internet is unavailable]","/Users/lily/PycharmProjects/pytest-bdd-project/amp/tests/features/05_change_system_language.feature: Change_system_language_updates_update_menu_labels"
"passed","Wed Sep 16 11:12:17 CST 2026","Wed Sep 16 11:14:23 CST 2026","125982","tests.steps","test_05_language","","","","test_change_system_language_updates_default_menu_labels[German]","/Users/lily/PycharmProjects/pytest-bdd-project/amp/tests/features/05_change_system_language.feature: Change_system_language_updates_default_menu_labels"
"passed","Wed Sep 16 13:46:55 CST 2026","Wed Sep 16 13:47:53 CST 2026","58479","","","","","","test_change_system_language_updates_renew_ip_menu_labels[English]","/Users/lily/PycharmProjects/pytest-bdd-project/amp/tests/features/05_change_system_language.feature: Change_system_language_updates_renew_ip_menu_labels"
"passed","Fri Aug 14 10:05:12 CST 2026","Fri Aug 14 10:07:06 CST 2026","114377","tests.steps","test_01_fix_volume","","","","test_user_preview_fixed_volume[MICHI-45-COAX 1]","/Users/lily/PycharmProjects/pytest-bdd-project/amp/tests/features/01_fix_volume.feature: user_preview_fixed_volume"
"passed","Tue Sep 22 09:23:51 CST 2026","Tue Sep 22 09:24:38 CST 2026","46060","","","","","","test_change_system_language_updates_update_menu_labels[English-Start USB update]","/Users/lily/PycharmProjects/pytest-bdd-project/amp/tests/features/05_change_system_language.feature: Change_system_language_updates_update_menu_labels"
"passed","Mon Sep 21 14:19:17 CST 2026","Mon Sep 21 14:20:36 CST 2026","79143","","","","","","test_check_for_update_when_update_source_is_unavailable[USB-No USB Flash Drive Detected]","/Users/lily/PycharmProjects/pytest-bdd-project/amp/tests/features/05_system_update.feature: Check_for_update_when_update_source_is_unavailable"
"passed","Tue Aug 18 09:23:16 CST 2026","Tue Aug 18 09:24:25 CST 2026","69236","tests.steps","test_02_tone_control","","","","test_preview_tone_settings[balance, L10]","/Users/lily/PycharmProjects/pytest-bdd-project/amp/tests/features/02_tone_control.feature: Preview_tone_settings"
"passed","Mon Sep 21 16:31:50 CST 2026","Mon Sep 21 16:32:19 CST 2026","28943","tests.steps","test_05_language","","","","test_change_system_language_updates_update_menu_labels[Dutch-Checked: USB has no file]","/Users/lily/PycharmProjects/pytest-bdd-project/amp/tests/features/05_change_system_language.feature: Change_system_language_updates_update_menu_labels"
"passed","Fri Aug 14 10:24:11 CST 2026","Fri Aug 14 10:24:53 CST 2026","41710","","","","","","test_user_hides_input_from_the_source_menu[MICHI-COAX 1-14]","/Users/lily/PycharmProjects/pytest-bdd-project/amp/tests/features/01_hide_input.feature: user_hides_input_from_the_source_menu"
"passed","Tue Sep 15 15:55:24 CST 2026","Tue Sep 15 15:57:36 CST 2026","132001","tests.steps","test_05_language","","","","test_change_system_language_updates_setup_menu_labels[Polish (3)]","/Users/lily/PycharmProjects/pytest-bdd-project/amp/tests/features/05_change_system_language.feature: Change_system_language_updates_setup_menu_labels"
"passed","Fri Aug 14 10:29:32 CST 2026","Fri Aug 14 10:30:01 CST 2026","28356","","","","","","test_user_hides_input_from_the_source_menu[MICHI-COAX 1-14]","/Users/lily/PycharmProjects/pytest-bdd-project/amp/tests/features/01_hide_input.feature: user_hides_input_from_the_source_menu"
"passed","Fri Sep 11 16:34:54 CST 2026","Fri Sep 11 16:34:59 CST 2026","5574","tests.steps","test_00_amplifier_control4_integration","","","","test_control_playback_via_control4[trkb!]","/Users/lily/PycharmProjects/pytest-bdd-project/amp/tests/features/00_amplifier_control4_integration.feature: Control_playback_via_Control4"
"passed","Tue Sep 15 15:29:40 CST 2026","Tue Sep 15 15:29:44 CST 2026","4203","","","","","","test_change_system_language_updates_setup_menu_labels[Dutch (2)]","/Users/lily/PycharmProjects/pytest-bdd-project/amp/tests/features/05_change_system_language.feature: Change_system_language_updates_setup_menu_labels"
"passed","Thu Aug 13 15:13:56 CST 2026","Thu Aug 13 15:14:16 CST 2026","20151","tests.steps","test_00_play_via_pcusb_input","","","","test_play_pcusb_audio[PCM]","/Users/lily/PycharmProjects/pytest-bdd-project/amp/tests/features/00_play_via_pcusb_input.feature: Play_PCUSB_audio"
"passed","Tue Sep 15 10:30:19 CST 2026","Tue Sep 15 10:34:50 CST 2026","270764","tests.steps","test_05_language","","","","test_change_system_language_updates_setup_menu_labels[PortugueseBR]","/Users/lily/PycharmProjects/pytest-bdd-project/amp/tests/features/05_change_system_language.feature: Change_system_language_updates_setup_menu_labels"
"passed","Wed Aug 19 15:19:21 CST 2026","Wed Aug 19 15:20:38 CST 2026","77550","tests.steps","test_02_pcusb_decode","","","","test_set_pcusb_decoding_mode[PCM 32B Only]","/Users/lily/PycharmProjects/pytest-bdd-project/amp/tests/features/02_pcusb_decode.feature: Set_PC-USB_Decoding_mode"
"passed","Wed Sep 16 11:41:26 CST 2026","Wed Sep 16 11:43:32 CST 2026","126329","tests.steps","test_05_language","","","","test_change_system_language_updates_default_menu_labels[Dutch]","/Users/lily/PycharmProjects/pytest-bdd-project/amp/tests/features/05_change_system_language.feature: Change_system_language_updates_default_menu_labels"
"passed","Tue Sep 15 10:25:50 CST 2026","Tue Sep 15 10:30:19 CST 2026","269470","tests.steps","test_05_language","","","","test_change_system_language_updates_setup_menu_labels[Czech]","/Users/lily/PycharmProjects/pytest-bdd-project/amp/tests/features/05_change_system_language.feature: Change_system_language_updates_setup_menu_labels"
"passed","Mon Sep 21 16:42:31 CST 2026","Mon Sep 21 16:43:19 CST 2026","47480","tests.steps","test_05_language","","","","test_change_system_language_updates_update_menu_labels[PortugueseBR-Checked: Server has no file]","/Users/lily/PycharmProjects/pytest-bdd-project/amp/tests/features/05_change_system_language.feature: Change_system_language_updates_update_menu_labels"
"passed","Wed Sep 16 13:37:05 CST 2026","Wed Sep 16 13:37:29 CST 2026","23920","","","","","","test_change_system_language_updates_renew_ip_menu_labels[English]","/Users/lily/PycharmProjects/pytest-bdd-project/amp/tests/features/05_change_system_language.feature: Change_system_language_updates_renew_ip_menu_labels"
"passed","Thu Sep 03 14:18:54 CST 2026","Thu Sep 03 14:19:08 CST 2026","14407","tests.steps","test_00_amplifier_control4_integration","","","","test_control_system_power_via_control4[power_on!, power=on$]","/Users/lily/PycharmProjects/pytest-bdd-project/amp/tests/features/00_amplifier_control4_integration.feature: Control_system_power_via_Control4"
"passed","Mon Sep 21 16:28:24 CST 2026","Mon Sep 21 16:28:54 CST 2026","29406","tests.steps","test_05_language","","","","test_change_system_language_updates_update_menu_labels[German-Checked: USB has no file]","/Users/lily/PycharmProjects/pytest-bdd-project/amp/tests/features/05_change_system_language.feature: Change_system_language_updates_update_menu_labels"
"passed","Tue Sep 15 10:34:50 CST 2026","Tue Sep 15 10:39:18 CST 2026","267642","tests.steps","test_05_language","","","","test_change_system_language_updates_setup_menu_labels[German]","/Users/lily/PycharmProjects/pytest-bdd-project/amp/tests/features/05_change_system_language.feature: Change_system_language_updates_setup_menu_labels"
"passed","Tue Sep 15 16:06:33 CST 2026","Tue Sep 15 16:08:45 CST 2026","131685","tests.steps","test_05_language","","","","test_change_system_language_updates_setup_menu_labels[Spanish (3)]","/Users/lily/PycharmProjects/pytest-bdd-project/amp/tests/features/05_change_system_language.feature: Change_system_language_updates_setup_menu_labels"
"passed","Tue Sep 15 14:53:41 CST 2026","Tue Sep 15 14:54:42 CST 2026","60989","","","","","","test_change_system_language_updates_setup_menu_labels[Russian (2)]","/Users/lily/PycharmProjects/pytest-bdd-project/amp/tests/features/05_change_system_language.feature: Change_system_language_updates_setup_menu_labels"
"passed","Fri Aug 14 15:23:33 CST 2026","Fri Aug 14 15:27:55 CST 2026","261273","tests.steps","test_02_max_volume","","","","test_set_max_volume","/Users/lily/PycharmProjects/pytest-bdd-project/amp/tests/features/02_max_volume.feature: Set_Max_Volume"
"passed","Mon Sep 21 16:21:13 CST 2026","Mon Sep 21 16:21:45 CST 2026","32389","tests.steps","test_05_language","","","","test_change_system_language_updates_update_menu_labels[Italian-Checked: Internet is unavailable]","/Users/lily/PycharmProjects/pytest-bdd-project/amp/tests/features/05_change_system_language.feature: Change_system_language_updates_update_menu_labels"
"passed","Mon Sep 21 16:06:24 CST 2026","Mon Sep 21 16:07:03 CST 2026","38744","tests.steps","test_05_language","","","","test_change_system_language_updates_update_menu_labels[Chinese-Checked: USB source is unavailable]","/Users/lily/PycharmProjects/pytest-bdd-project/amp/tests/features/05_change_system_language.feature: Change_system_language_updates_update_menu_labels"
"passed","Tue Sep 15 09:29:46 CST 2026","Tue Sep 15 09:30:00 CST 2026","14591","","","","","","test_change_system_language_updates_setup_menu_labels[English]","/Users/lily/PycharmProjects/pytest-bdd-project/amp/tests/features/05_change_system_language.feature: Change_system_language_updates_setup_menu_labels"
"passed","Mon Sep 21 14:31:42 CST 2026","Mon Sep 21 14:33:23 CST 2026","100932","tests.steps","test_05_system_update","","","","test_check_for_update_when_software_not_available[Internet-Update Fail]","/Users/lily/PycharmProjects/pytest-bdd-project/amp/tests/features/05_system_update.feature: Check_for_update_when_software_not_available"
"failed","Thu Aug 13 09:50:18 CST 2026","Thu Aug 13 09:50:40 CST 2026","21464","tests.steps","test_00_play_via_digital_input","","","","test_play_digital_audio[COAX 1]","/Users/lily/PycharmProjects/pytest-bdd-project/amp/tests/features/00_play_via_digital_input.feature: Play_digital_audio"
"passed","Thu Sep 03 14:52:27 CST 2026","Thu Sep 03 14:52:32 CST 2026","5096","tests.steps","test_00_amplifier_control4_integration","","","","test_mute_via_control4[mute_off!, mute=off$]","/Users/lily/PycharmProjects/pytest-bdd-project/amp/tests/features/00_amplifier_control4_integration.feature: Mute_via_Control4"
"passed","Thu Aug 13 15:12:46 CST 2026","Thu Aug 13 15:13:08 CST 2026","22005","tests.steps","test_00_play_via_pcusb_input","","","","test_pcusb_audio_signal_stops","/Users/lily/PycharmProjects/pytest-bdd-project/amp/tests/features/00_play_via_pcusb_input.feature: PCUSB_audio_signal_stops"
"passed","Thu Sep 03 14:23:55 CST 2026","Thu Sep 03 14:23:58 CST 2026","3620","","","","","","test_update_auto_status_feedback_via_control4[rs232_update_on!]","/Users/lily/PycharmProjects/pytest-bdd-project/amp/tests/features/00_amplifier_control4_integration.feature: Update_auto_status_feedback_via_Control4"
"passed","Tue Aug 18 11:46:55 CST 2026","Tue Aug 18 11:48:07 CST 2026","71375","tests.steps","test_02_tone_control","","","","test_set_temporary_tone[bass, +10]","/Users/lily/PycharmProjects/pytest-bdd-project/amp/tests/features/02_tone_control.feature: Set_temporary_tone"
"passed","Tue Sep 22 10:34:35 CST 2026","Tue Sep 22 10:34:42 CST 2026","7136","tests.steps","test_03_adjust_display_brightness","","","","test_save_display_brightness[Low]","/Users/lily/PycharmProjects/pytest-bdd-project/amp/tests/features/03_adjust_display_brightness.feature: Save_display_brightness"
"passed","Mon Sep 21 16:12:50 CST 2026","Mon Sep 21 16:13:28 CST 2026","38192","tests.steps","test_05_language","","","","test_change_system_language_updates_update_menu_labels[Dutch-Checked: USB source is unavailable]","/Users/lily/PycharmProjects/pytest-bdd-project/amp/tests/features/05_change_system_language.feature: Change_system_language_updates_update_menu_labels"
"passed","Tue Sep 22 09:08:11 CST 2026","Tue Sep 22 09:09:26 CST 2026","75008","tests.steps","test_05_language","","","","test_change_system_language_updates_update_menu_labels[Czech-Checked: New online software]","/Users/lily/PycharmProjects/pytest-bdd-project/amp/tests/features/05_change_system_language.feature: Change_system_language_updates_update_menu_labels"
"passed","Tue Sep 15 15:41:49 CST 2026","Tue Sep 15 15:42:47 CST 2026","57905","","","","","","test_change_system_language_updates_setup_menu_labels[English (3)]","/Users/lily/PycharmProjects/pytest-bdd-project/amp/tests/features/05_change_system_language.feature: Change_system_language_updates_setup_menu_labels"
"passed","Wed Sep 16 13:49:52 CST 2026","Wed Sep 16 13:50:02 CST 2026","10385","","","","","","test_change_system_language_updates_renew_ip_menu_labels[Chinese]","/Users/lily/PycharmProjects/pytest-bdd-project/amp/tests/features/05_change_system_language.feature: Change_system_language_updates_renew_ip_menu_labels"
"passed","Tue Aug 18 10:43:58 CST 2026","Tue Aug 18 10:45:09 CST 2026","71547","tests.steps","test_02_tone_control","","","","test_set_temporary_tone[balance, -10]","/Users/lily/PycharmProjects/pytest-bdd-project/amp/tests/features/02_tone_control.feature: Set_temporary_tone"
"passed","Thu Sep 03 14:20:00 CST 2026","Thu Sep 03 14:20:05 CST 2026","5342","tests.steps","test_00_amplifier_control4_integration","","","","test_change_display_dimmer_via_control4[dimmer_1!, dimmer=1$]","/Users/lily/PycharmProjects/pytest-bdd-project/amp/tests/features/00_amplifier_control4_integration.feature: Change_display_dimmer_via_Control4"
"passed","Tue Sep 15 15:42:52 CST 2026","Tue Sep 15 15:43:05 CST 2026","12417","","","","","","test_change_system_language_updates_setup_menu_labels[English (3)]","/Users/lily/PycharmProjects/pytest-bdd-project/amp/tests/features/05_change_system_language.feature: Change_system_language_updates_setup_menu_labels"
"passed","Mon Sep 21 16:28:54 CST 2026","Mon Sep 21 16:29:23 CST 2026","29451","tests.steps","test_05_language","","","","test_change_system_language_updates_update_menu_labels[Polish-Checked: USB has no file]","/Users/lily/PycharmProjects/pytest-bdd-project/amp/tests/features/05_change_system_language.feature: Change_system_language_updates_update_menu_labels"
"passed","Tue Sep 22 08:52:01 CST 2026","Tue Sep 22 08:52:50 CST 2026","48400","tests.steps","test_05_language","","","","test_change_system_language_updates_update_menu_labels[Chinese-Checked: Software is the latest]","/Users/lily/PycharmProjects/pytest-bdd-project/amp/tests/features/05_change_system_language.feature: Change_system_language_updates_update_menu_labels"
"passed","Thu Sep 03 15:16:29 CST 2026","Thu Sep 03 15:16:36 CST 2026","6565","tests.steps","test_00_amplifier_control4_integration","","","","test_query_playback_status_via_control4[volume?, volume=50$]","/Users/lily/PycharmProjects/pytest-bdd-project/amp/tests/features/00_amplifier_control4_integration.feature: Query_playback_status_via_Control4"
"passed","Mon Sep 14 10:58:35 CST 2026","Mon Sep 14 11:01:58 CST 2026","202825","tests.steps","test_05_system_update","","","","test_update_successfully_via_the_usb[MBR,FAT32,64GB-USB]","/Users/lily/PycharmProjects/pytest-bdd-project/amp/tests/features/05_system_update.feature: Update_successfully_via_the_USB"
"passed","Thu Sep 03 14:43:35 CST 2026","Thu Sep 03 14:43:41 CST 2026","5114","tests.steps","test_00_amplifier_control4_integration","","","","test_change_source_via_control4[bal_xlr!, source=bal_xlr$]","/Users/lily/PycharmProjects/pytest-bdd-project/amp/tests/features/00_amplifier_control4_integration.feature: Change_source_via_Control4"
"passed","Fri Aug 14 15:16:37 CST 2026","Fri Aug 14 15:17:03 CST 2026","25492","","","","","","test_set_max_volume","/Users/lily/PycharmProjects/pytest-bdd-project/amp/tests/features/02_max_volume.feature: Set_Max_Volume"
"passed","Thu Sep 03 14:43:53 CST 2026","Thu Sep 03 14:43:58 CST 2026","5136","tests.steps","test_00_amplifier_control4_integration","","","","test_change_source_via_control4[coax3!, source=coax3$]","/Users/lily/PycharmProjects/pytest-bdd-project/amp/tests/features/00_amplifier_control4_integration.feature: Change_source_via_Control4"
"passed","Wed Aug 19 15:17:15 CST 2026","Wed Aug 19 15:17:19 CST 2026","4282","","","","","","test_set_pcusb_decoding_mode[PCM 32B Only]","/Users/lily/PycharmProjects/pytest-bdd-project/amp/tests/features/02_pcusb_decode.feature: Set_PC-USB_Decoding_mode"
"passed","Fri Sep 11 13:57:15 CST 2026","Fri Sep 11 13:57:58 CST 2026","42607","","","","","","test_exit_standby_when_signal_sense_source_is_last_listening_source[PC-USB]","/Users/lily/PycharmProjects/pytest-bdd-project/amp/tests/features/02_signal_sense.feature: Exit_standby_when_Signal_Sense_source_is_last_listening_source"
"passed","Thu Aug 13 15:26:36 CST 2026","Thu Aug 13 15:26:56 CST 2026","20560","tests.steps","test_00_play_via_pcusb_input","","","","test_play_pcusb_audio[DSD]","/Users/lily/PycharmProjects/pytest-bdd-project/amp/tests/features/00_play_via_pcusb_input.feature: Play_PCUSB_audio"
"passed","Tue Aug 18 09:18:13 CST 2026","Tue Aug 18 09:19:25 CST 2026","72466","tests.steps","test_02_tone_control","","","","test_preview_tone_settings[treble, +10]","/Users/lily/PycharmProjects/pytest-bdd-project/amp/tests/features/02_tone_control.feature: Preview_tone_settings"
"passed","Wed Sep 16 11:32:47 CST 2026","Wed Sep 16 11:35:02 CST 2026","134778","tests.steps","test_05_language","","","","test_change_system_language_updates_default_menu_labels[Italian]","/Users/lily/PycharmProjects/pytest-bdd-project/amp/tests/features/05_change_system_language.feature: Change_system_language_updates_default_menu_labels"
"passed","Tue Sep 22 08:56:03 CST 2026","Tue Sep 22 08:56:51 CST 2026","48088","tests.steps","test_05_language","","","","test_change_system_language_updates_update_menu_labels[Russian-Checked: Software is the latest]","/Users/lily/PycharmProjects/pytest-bdd-project/amp/tests/features/05_change_system_language.feature: Change_system_language_updates_update_menu_labels"
"passed","Wed Sep 16 13:48:48 CST 2026","Wed Sep 16 13:49:11 CST 2026","23719","","","","","","test_change_system_language_updates_renew_ip_menu_labels[English]","/Users/lily/PycharmProjects/pytest-bdd-project/amp/tests/features/05_change_system_language.feature: Change_system_language_updates_renew_ip_menu_labels"
"passed","Thu Sep 03 14:29:17 CST 2026","Thu Sep 03 14:29:17 CST 2026","430","","","","","","test_query_system_status_via_control4[model?, model=p430$]","/Users/lily/PycharmProjects/pytest-bdd-project/amp/tests/features/00_amplifier_control4_integration.feature: Query_system_status_via_Control4"
"failed","Thu Sep 03 15:14:20 CST 2026","Thu Sep 03 15:14:26 CST 2026","6225","tests.steps","test_00_amplifier_control4_integration","","","","test_query_playback_status_via_control4[freq?, freq=2.8M$]","/Users/lily/PycharmProjects/pytest-bdd-project/amp/tests/features/00_amplifier_control4_integration.feature: Query_playback_status_via_Control4"
"passed","Mon Sep 21 16:10:15 CST 2026","Mon Sep 21 16:10:54 CST 2026","38760","tests.steps","test_05_language","","","","test_change_system_language_updates_update_menu_labels[Italian-Checked: USB source is unavailable]","/Users/lily/PycharmProjects/pytest-bdd-project/amp/tests/features/05_change_system_language.feature: Change_system_language_updates_update_menu_labels"
"passed","Thu Sep 03 14:43:19 CST 2026","Thu Sep 03 14:43:24 CST 2026","5066","tests.steps","test_00_amplifier_control4_integration","","","","test_change_source_via_control4[phono!, source=phono$]","/Users/lily/PycharmProjects/pytest-bdd-project/amp/tests/features/00_amplifier_control4_integration.feature: Change_source_via_Control4"
"passed","Tue Aug 18 09:12:25 CST 2026","Tue Aug 18 09:13:34 CST 2026","68907","tests.steps","test_02_tone_control","","","","test_preview_tone_settings[bass, +10]","/Users/lily/PycharmProjects/pytest-bdd-project/amp/tests/features/02_tone_control.feature: Preview_tone_settings"
"passed","Tue Sep 15 13:56:32 CST 2026","Tue Sep 15 13:59:09 CST 2026","157196","","","","","","test_change_system_language_updates_setup_menu_labels[English (2)]","/Users/lily/PycharmProjects/pytest-bdd-project/amp/tests/features/05_change_system_language.feature: Change_system_language_updates_setup_menu_labels"
"passed","Tue Sep 22 08:55:14 CST 2026","Tue Sep 22 08:56:03 CST 2026","48744","tests.steps","test_05_language","","","","test_change_system_language_updates_update_menu_labels[Polish-Checked: Software is the latest]","/Users/lily/PycharmProjects/pytest-bdd-project/amp/tests/features/05_change_system_language.feature: Change_system_language_updates_update_menu_labels"
"passed","Tue Sep 15 09:32:46 CST 2026","Tue Sep 15 09:35:12 CST 2026","146047","","","","","","test_change_system_language_updates_setup_menu_labels[English]","/Users/lily/PycharmProjects/pytest-bdd-project/amp/tests/features/05_change_system_language.feature: Change_system_language_updates_setup_menu_labels"
"passed","Tue Sep 15 15:18:22 CST 2026","Tue Sep 15 15:19:09 CST 2026","47297","","","","","","test_change_system_language_updates_setup_menu_labels[Dutch (2)]","/Users/lily/PycharmProjects/pytest-bdd-project/amp/tests/features/05_change_system_language.feature: Change_system_language_updates_setup_menu_labels"
"passed","Mon Sep 21 16:46:44 CST 2026","Mon Sep 21 16:47:31 CST 2026","47416","tests.steps","test_05_language","","","","test_change_system_language_updates_update_menu_labels[Italian-Checked: Server has no file]","/Users/lily/PycharmProjects/pytest-bdd-project/amp/tests/features/05_change_system_language.feature: Change_system_language_updates_update_menu_labels"
"passed","Thu Sep 03 14:18:35 CST 2026","Thu Sep 03 14:18:53 CST 2026","18381","tests.steps","test_00_amplifier_control4_integration","","","","test_control_system_power_via_control4[power_off!, power=standby$]","/Users/lily/PycharmProjects/pytest-bdd-project/amp/tests/features/00_amplifier_control4_integration.feature: Control_system_power_via_Control4"
"passed","Thu Sep 03 14:54:38 CST 2026","Thu Sep 03 14:54:43 CST 2026","5465","tests.steps","test_00_amplifier_control4_integration","","","","test_modify_temporary_tone_control_settings_via_control4[bypass_on!, bypass=on$]","/Users/lily/PycharmProjects/pytest-bdd-project/amp/tests/features/00_amplifier_control4_integration.feature: Modify_temporary_tone_control_settings_via_Control4"
"passed","Wed Sep 16 11:15:27 CST 2026","Wed Sep 16 11:16:37 CST 2026","69707","","","","","","test_change_system_language_updates_default_menu_labels[Polish]","/Users/lily/PycharmProjects/pytest-bdd-project/amp/tests/features/05_change_system_language.feature: Change_system_language_updates_default_menu_labels"
"passed","Thu Sep 03 09:03:07 CST 2026","Thu Sep 03 09:05:54 CST 2026","166650","tests.steps","test_02_signal_sense","","","","test_exit_standby_when_signal_sense_source_is_last_listening_source[COAX 1]","/Users/lily/PycharmProjects/pytest-bdd-project/amp/tests/features/02_signal_sense.feature: Exit_standby_when_Signal_Sense_source_is_last_listening_source"
"passed","Wed Sep 16 11:31:50 CST 2026","Wed Sep 16 11:32:15 CST 2026","25108","","","","","","test_change_system_language_updates_default_menu_labels[Russian]","/Users/lily/PycharmProjects/pytest-bdd-project/amp/tests/features/05_change_system_language.feature: Change_system_language_updates_default_menu_labels"
"passed","Tue Sep 22 09:11:57 CST 2026","Tue Sep 22 09:13:13 CST 2026","76292","tests.steps","test_05_language","","","","test_change_system_language_updates_update_menu_labels[Polish-Checked: New online software]","/Users/lily/PycharmProjects/pytest-bdd-project/amp/tests/features/05_change_system_language.feature: Change_system_language_updates_update_menu_labels"
"passed","Tue Sep 22 09:38:46 CST 2026","Tue Sep 22 09:40:33 CST 2026","106645","tests.steps","test_05_language","","","","test_change_system_language_updates_update_menu_labels[German-Start USB update]","/Users/lily/PycharmProjects/pytest-bdd-project/amp/tests/features/05_change_system_language.feature: Change_system_language_updates_update_menu_labels"
"passed","Wed Sep 16 11:27:12 CST 2026","Wed Sep 16 11:29:01 CST 2026","108756","","","","","","test_change_system_language_updates_default_menu_labels[Polish]","/Users/lily/PycharmProjects/pytest-bdd-project/amp/tests/features/05_change_system_language.feature: Change_system_language_updates_default_menu_labels"
"passed","Mon Sep 14 10:12:06 CST 2026","Mon Sep 14 10:12:33 CST 2026","26855","","","","","","test_update_get_disrupted_during_download[USB]","/Users/lily/PycharmProjects/pytest-bdd-project/amp/tests/features/05_system_update.feature: Update_get_disrupted_during_download"
"broken","Thu Sep 03 14:21:12 CST 2026","Thu Sep 03 14:21:16 CST 2026","4089","tests.steps","test_00_amplifier_control4_integration","","","","test_update_auto_status_feedback_via_control4[rs232_update_off!,]","/Users/lily/PycharmProjects/pytest-bdd-project/amp/tests/features/00_amplifier_control4_integration.feature: Update_auto_status_feedback_via_Control4"
"passed","Fri Aug 14 10:36:32 CST 2026","Fri Aug 14 10:40:57 CST 2026","264906","tests.steps","test_01_hide_input","","","","test_user_hides_input_from_the_source_menu[MICHI-COAX 1-14]","/Users/lily/PycharmProjects/pytest-bdd-project/amp/tests/features/01_hide_input.feature: user_hides_input_from_the_source_menu"
"passed","Wed Sep 16 10:51:18 CST 2026","Wed Sep 16 10:51:19 CST 2026","427","","","","","","test_change_system_language_updates_default_menu_labels[English]","/Users/lily/PycharmProjects/pytest-bdd-project/amp/tests/features/05_change_system_language.feature: Change_system_language_updates_default_menu_labels"
"passed","Tue Sep 15 15:14:36 CST 2026","Tue Sep 15 15:18:22 CST 2026","226004","tests.steps","test_05_language","","","","test_change_system_language_updates_setup_menu_labels[French (2)]","/Users/lily/PycharmProjects/pytest-bdd-project/amp/tests/features/05_change_system_language.feature: Change_system_language_updates_setup_menu_labels"
"passed","Mon Sep 14 10:05:02 CST 2026","Mon Sep 14 10:06:30 CST 2026","88092","tests.steps","test_05_system_update","","","","test_check_for_update_when_software_not_available[USB-No File Detected]","/Users/lily/PycharmProjects/pytest-bdd-project/amp/tests/features/05_system_update.feature: Check_for_update_when_software_not_available"
"passed","Thu Sep 03 13:43:20 CST 2026","Thu Sep 03 13:54:47 CST 2026","687474","tests.steps","test_02_signal_sense","","","","test_exit_standby_when_has_had_no_audio_for_10_minutes[COAX 1]","/Users/lily/PycharmProjects/pytest-bdd-project/amp/tests/features/02_signal_sense.feature: Exit_standby_when_has_had_no_audio_for_10_minutes"
"passed","Thu Sep 03 14:51:38 CST 2026","Thu Sep 03 14:51:44 CST 2026","5681","tests.steps","test_00_amplifier_control4_integration","","","","test_change_volume_via_control4[vol_26!, volume=26$]","/Users/lily/PycharmProjects/pytest-bdd-project/amp/tests/features/00_amplifier_control4_integration.feature: Change_volume_via_Control4"
"passed","Thu Sep 03 14:24:16 CST 2026","Thu Sep 03 14:24:23 CST 2026","6105","tests.steps","test_00_amplifier_control4_integration","","","","test_update_auto_status_feedback_via_control4[rs232_update_off!]","/Users/lily/PycharmProjects/pytest-bdd-project/amp/tests/features/00_amplifier_control4_integration.feature: Update_auto_status_feedback_via_Control4"
"passed","Thu Sep 03 14:43:30 CST 2026","Thu Sep 03 14:43:35 CST 2026","5106","tests.steps","test_00_amplifier_control4_integration","","","","test_change_source_via_control4[aux!, source=aux$]","/Users/lily/PycharmProjects/pytest-bdd-project/amp/tests/features/00_amplifier_control4_integration.feature: Change_source_via_Control4"
"passed","Fri Aug 14 10:09:32 CST 2026","Fri Aug 14 10:11:31 CST 2026","118574","tests.steps","test_01_fix_volume","","","","test_user_set_fixed_volume[MICHI-35-COAX 1]","/Users/lily/PycharmProjects/pytest-bdd-project/amp/tests/features/01_fix_volume.feature: user_set_fixed_volume"
"passed","Thu Aug 13 13:41:30 CST 2026","Thu Aug 13 13:41:53 CST 2026","23152","tests.steps","test_00_play_via_bluetooth_input","","","","test_change_track[bbk]","/Users/lily/PycharmProjects/pytest-bdd-project/amp/tests/features/00_play_via_bluetooth_input.feature: Change_track"
"passed","Mon Sep 21 16:04:23 CST 2026","Mon Sep 21 16:04:50 CST 2026","26379","","","","","","test_change_system_language_updates_update_menu_labels[English-Checked: USB source is unavailable]","/Users/lily/PycharmProjects/pytest-bdd-project/amp/tests/features/05_change_system_language.feature: Change_system_language_updates_update_menu_labels"
"passed","Mon Sep 21 16:07:42 CST 2026","Mon Sep 21 16:08:20 CST 2026","38481","tests.steps","test_05_language","","","","test_change_system_language_updates_update_menu_labels[PortugueseBR-Checked: USB source is unavailable]","/Users/lily/PycharmProjects/pytest-bdd-project/amp/tests/features/05_change_system_language.feature: Change_system_language_updates_update_menu_labels"
"passed","Tue Sep 15 15:36:17 CST 2026","Tue Sep 15 15:37:30 CST 2026","72782","tests.steps","test_05_language","","","","test_change_system_language_updates_setup_menu_labels[Dutch (2)]","/Users/lily/PycharmProjects/pytest-bdd-project/amp/tests/features/05_change_system_language.feature: Change_system_language_updates_setup_menu_labels"
"passed","Fri Sep 11 14:12:59 CST 2026","Fri Sep 11 14:14:26 CST 2026","86473","","","","","","test_exit_standby_when_signal_sense_source_is_not_last_listening_source[PC-USB]","/Users/lily/PycharmProjects/pytest-bdd-project/amp/tests/features/02_signal_sense.feature: Exit_standby_when_Signal_Sense_source_is_NOT_last_listening_source"
"passed","Mon Sep 21 16:49:06 CST 2026","Mon Sep 21 16:49:53 CST 2026","47263","tests.steps","test_05_language","","","","test_change_system_language_updates_update_menu_labels[French-Checked: Server has no file]","/Users/lily/PycharmProjects/pytest-bdd-project/amp/tests/features/05_change_system_language.feature: Change_system_language_updates_update_menu_labels"
"passed","Thu Sep 03 09:57:08 CST 2026","Thu Sep 03 09:59:53 CST 2026","165480","","","","","","test_exit_standby_when_signal_sense_source_is_last_listening_source[BLUETOOTH]","/Users/lily/PycharmProjects/pytest-bdd-project/amp/tests/features/02_signal_sense.feature: Exit_standby_when_Signal_Sense_source_is_last_listening_source"
"passed","Thu Aug 13 15:56:52 CST 2026","Thu Aug 13 15:59:59 CST 2026","186599","tests.steps","test_00_adjust_volume","","","","test_adjust_volume[remote, 96]","/Users/lily/PycharmProjects/pytest-bdd-project/amp/tests/features/00_adjust_volume.feature: adjust_volume"
"passed","Wed Aug 19 14:44:44 CST 2026","Wed Aug 19 14:45:09 CST 2026","24663","tests.steps","test_05_factory_default","","","","test_confirm_restore","/Users/lily/PycharmProjects/pytest-bdd-project/amp/tests/features/05_factory_default.feature: Confirm_restore"
"passed","Mon Sep 14 10:00:45 CST 2026","Mon Sep 14 10:02:12 CST 2026","87149","tests.steps","test_05_system_update","","","","test_check_for_update_when_update_source_is_unavailable[USB-No USB Flash Drive Detected]","/Users/lily/PycharmProjects/pytest-bdd-project/amp/tests/features/05_system_update.feature: Check_for_update_when_update_source_is_unavailable"
"passed","Wed Aug 19 09:24:43 CST 2026","Wed Aug 19 09:26:04 CST 2026","81148","","","","","","test_save_led_brightness[High]","/Users/lily/PycharmProjects/pytest-bdd-project/amp/tests/features/03_adjust_led_brightness.feature: Save_LED_brightness"
"passed","Mon Sep 21 16:22:50 CST 2026","Mon Sep 21 16:23:22 CST 2026","32577","tests.steps","test_05_language","","","","test_change_system_language_updates_update_menu_labels[French-Checked: Internet is unavailable]","/Users/lily/PycharmProjects/pytest-bdd-project/amp/tests/features/05_change_system_language.feature: Change_system_language_updates_update_menu_labels"
"passed","Fri Aug 14 10:33:29 CST 2026","Fri Aug 14 10:33:59 CST 2026","30280","","","","","","test_user_hides_input_from_the_source_menu[MICHI-COAX 1-14]","/Users/lily/PycharmProjects/pytest-bdd-project/amp/tests/features/01_hide_input.feature: user_hides_input_from_the_source_menu"
"passed","Wed Aug 19 10:50:29 CST 2026","Wed Aug 19 10:50:33 CST 2026","3985","tests.steps","test_04_change_network_type","","","","test_disable_network_configuration","/Users/lily/PycharmProjects/pytest-bdd-project/amp/tests/features/04_change_network_type.feature: Disable_network_configuration"
"passed","Mon Sep 21 16:15:43 CST 2026","Mon Sep 21 16:16:06 CST 2026","22979","","","","","","test_change_system_language_updates_update_menu_labels[Chinese-Checked: Internet is unavailable]","/Users/lily/PycharmProjects/pytest-bdd-project/amp/tests/features/05_change_system_language.feature: Change_system_language_updates_update_menu_labels"
"passed","Tue Sep 15 10:19:34 CST 2026","Tue Sep 15 10:20:08 CST 2026","34178","","","","","","test_change_system_language_updates_setup_menu_labels[Chinese]","/Users/lily/PycharmProjects/pytest-bdd-project/amp/tests/features/05_change_system_language.feature: Change_system_language_updates_setup_menu_labels"
"passed","Wed Sep 16 11:15:16 CST 2026","Wed Sep 16 11:15:21 CST 2026","5132","","","","","","test_change_system_language_updates_default_menu_labels[Polish]","/Users/lily/PycharmProjects/pytest-bdd-project/amp/tests/features/05_change_system_language.feature: Change_system_language_updates_default_menu_labels"
"broken","Tue Aug 18 09:01:00 CST 2026","Tue Aug 18 09:01:18 CST 2026","18862","tests.steps","test_02_tone_control","","","","test_preview_tone_settings[bass, 10]","/Users/lily/PycharmProjects/pytest-bdd-project/amp/tests/features/02_tone_control.feature: Preview_tone_settings"
"passed","Tue Sep 15 15:50:29 CST 2026","Tue Sep 15 15:50:45 CST 2026","15576","","","","","","test_change_system_language_updates_setup_menu_labels[PortugueseBR (3)]","/Users/lily/PycharmProjects/pytest-bdd-project/amp/tests/features/05_change_system_language.feature: Change_system_language_updates_setup_menu_labels"
"passed","Tue Sep 15 14:38:32 CST 2026","Tue Sep 15 14:42:17 CST 2026","225194","tests.steps","test_05_language","","","","test_change_system_language_updates_setup_menu_labels[PortugueseBR (2)]","/Users/lily/PycharmProjects/pytest-bdd-project/amp/tests/features/05_change_system_language.feature: Change_system_language_updates_setup_menu_labels"
"passed","Mon Sep 21 16:08:20 CST 2026","Mon Sep 21 16:08:59 CST 2026","38449","tests.steps","test_05_language","","","","test_change_system_language_updates_update_menu_labels[German-Checked: USB source is unavailable]","/Users/lily/PycharmProjects/pytest-bdd-project/amp/tests/features/05_change_system_language.feature: Change_system_language_updates_update_menu_labels"
"passed","Mon Sep 21 16:10:54 CST 2026","Mon Sep 21 16:11:33 CST 2026","38649","tests.steps","test_05_language","","","","test_change_system_language_updates_update_menu_labels[Spanish-Checked: USB source is unavailable]","/Users/lily/PycharmProjects/pytest-bdd-project/amp/tests/features/05_change_system_language.feature: Change_system_language_updates_update_menu_labels"
"passed","Fri Aug 14 10:19:37 CST 2026","Fri Aug 14 10:19:57 CST 2026","19177","","","","","","test_user_hides_input_from_the_source_menu[MICHI-AUX-1]","/Users/lily/PycharmProjects/pytest-bdd-project/amp/tests/features/01_hide_input.feature: user_hides_input_from_the_source_menu"
"passed","Tue Aug 18 09:10:45 CST 2026","Tue Aug 18 09:11:22 CST 2026","36384","","","","","","test_preview_tone_settings[bass, +10]","/Users/lily/PycharmProjects/pytest-bdd-project/amp/tests/features/02_tone_control.feature: Preview_tone_settings"
"passed","Thu Sep 03 14:43:13 CST 2026","Thu Sep 03 14:43:18 CST 2026","5219","tests.steps","test_00_amplifier_control4_integration","","","","test_change_source_via_control4[cd!, source=cd$]","/Users/lily/PycharmProjects/pytest-bdd-project/amp/tests/features/00_amplifier_control4_integration.feature: Change_source_via_Control4"
"passed","Tue Sep 15 15:07:21 CST 2026","Tue Sep 15 15:10:58 CST 2026","217029","tests.steps","test_05_language","","","","test_change_system_language_updates_setup_menu_labels[Spanish (2)]","/Users/lily/PycharmProjects/pytest-bdd-project/amp/tests/features/05_change_system_language.feature: Change_system_language_updates_setup_menu_labels"
"passed","Fri Sep 11 14:25:43 CST 2026","Fri Sep 11 14:29:12 CST 2026","209310","tests.steps","test_02_signal_sense","","","","test_exit_standby_when_signal_sense_source_is_not_last_listening_source[BLUETOOTH]","/Users/lily/PycharmProjects/pytest-bdd-project/amp/tests/features/02_signal_sense.feature: Exit_standby_when_Signal_Sense_source_is_NOT_last_listening_source"
"passed","Mon Sep 21 16:08:59 CST 2026","Mon Sep 21 16:09:37 CST 2026","38096","tests.steps","test_05_language","","","","test_change_system_language_updates_update_menu_labels[Polish-Checked: USB source is unavailable]","/Users/lily/PycharmProjects/pytest-bdd-project/amp/tests/features/05_change_system_language.feature: Change_system_language_updates_update_menu_labels"
"passed","Tue Sep 01 10:13:55 CST 2026","Tue Sep 01 10:14:03 CST 2026","8213","tests.steps","test_00_play_via_bluetooth_input","","","","test_resume_bluetooth_playback[remote]","/Users/lily/PycharmProjects/pytest-bdd-project/amp/tests/features/00_play_via_bluetooth_input.feature: Resume_Bluetooth_playback"
"passed","Thu Aug 13 14:49:47 CST 2026","Thu Aug 13 14:50:07 CST 2026","19654","tests.steps","test_00_play_via_pcusb_input","","","","test_play_pcusb_audio[DoP]","/Users/lily/PycharmProjects/pytest-bdd-project/amp/tests/features/00_play_via_pcusb_input.feature: Play_PCUSB_audio"
"passed","Tue Sep 15 15:39:20 CST 2026","Tue Sep 15 15:39:25 CST 2026","5127","","","","","","test_change_system_language_updates_setup_menu_labels[Dutch (2)]","/Users/lily/PycharmProjects/pytest-bdd-project/amp/tests/features/05_change_system_language.feature: Change_system_language_updates_setup_menu_labels"
"passed","Tue Sep 22 10:34:29 CST 2026","Tue Sep 22 10:34:35 CST 2026","5426","tests.steps","test_03_adjust_display_brightness","","","","test_save_display_brightness[Medium]","/Users/lily/PycharmProjects/pytest-bdd-project/amp/tests/features/03_adjust_display_brightness.feature: Save_display_brightness"
"passed","Mon Sep 21 16:43:19 CST 2026","Mon Sep 21 16:45:09 CST 2026","110374","tests.steps","test_05_language","","","","test_change_system_language_updates_update_menu_labels[German-Checked: Server has no file]","/Users/lily/PycharmProjects/pytest-bdd-project/amp/tests/features/05_change_system_language.feature: Change_system_language_updates_update_menu_labels"
"passed","Fri Aug 14 14:37:05 CST 2026","Fri Aug 14 14:37:25 CST 2026","19210","tests.steps","test_02_home_theater_bypass","","","","test_turn_on_avr_while_unit_is_playing_another_source","/Users/lily/PycharmProjects/pytest-bdd-project/amp/tests/features/02_home_theater_bypass.feature: Turn_on_AVR_while_unit_is_playing_another_source"
"failed","Thu Sep 03 14:32:25 CST 2026","Thu Sep 03 14:32:30 CST 2026","5420","tests.steps","test_00_amplifier_control4_integration","","","","test_query_system_status_via_control4[discover?, discover=ip=192.168.50.121port=9596mac=0CEFAF932491$]","/Users/lily/PycharmProjects/pytest-bdd-project/amp/tests/features/00_amplifier_control4_integration.feature: Query_system_status_via_Control4"
"passed","Mon Sep 21 16:49:54 CST 2026","Mon Sep 21 16:50:41 CST 2026","47844","tests.steps","test_05_language","","","","test_change_system_language_updates_update_menu_labels[Dutch-Checked: Server has no file]","/Users/lily/PycharmProjects/pytest-bdd-project/amp/tests/features/05_change_system_language.feature: Change_system_language_updates_update_menu_labels"
"passed","Thu Sep 03 14:54:23 CST 2026","Thu Sep 03 14:54:28 CST 2026","5211","tests.steps","test_00_amplifier_control4_integration","","","","test_modify_temporary_tone_control_settings_via_control4[balance_000!, balance=000$]","/Users/lily/PycharmProjects/pytest-bdd-project/amp/tests/features/00_amplifier_control4_integration.feature: Modify_temporary_tone_control_settings_via_Control4"
"passed","Thu Sep 03 10:21:54 CST 2026","Thu Sep 03 10:24:41 CST 2026","167295","tests.steps","test_02_signal_sense","","","","test_exit_standby_when_signal_sense_source_is_last_listening_source[BLUETOOTH]","/Users/lily/PycharmProjects/pytest-bdd-project/amp/tests/features/02_signal_sense.feature: Exit_standby_when_Signal_Sense_source_is_last_listening_source"
"passed","Wed Sep 16 11:39:18 CST 2026","Wed Sep 16 11:41:26 CST 2026","128281","tests.steps","test_05_language","","","","test_change_system_language_updates_default_menu_labels[French]","/Users/lily/PycharmProjects/pytest-bdd-project/amp/tests/features/05_change_system_language.feature: Change_system_language_updates_default_menu_labels"
"passed","Wed Sep 16 11:20:48 CST 2026","Wed Sep 16 11:21:11 CST 2026","23245","","","","","","test_change_system_language_updates_default_menu_labels[Polish]","/Users/lily/PycharmProjects/pytest-bdd-project/amp/tests/features/05_change_system_language.feature: Change_system_language_updates_default_menu_labels"
"passed","Tue Sep 22 09:17:00 CST 2026","Tue Sep 22 09:18:16 CST 2026","75760","tests.steps","test_05_language","","","","test_change_system_language_updates_update_menu_labels[Swedish-Checked: New online software]","/Users/lily/PycharmProjects/pytest-bdd-project/amp/tests/features/05_change_system_language.feature: Change_system_language_updates_update_menu_labels"
"passed","Tue Sep 22 09:46:00 CST 2026","Tue Sep 22 09:47:47 CST 2026","107097","tests.steps","test_05_language","","","","test_change_system_language_updates_update_menu_labels[Spanish-Start USB update]","/Users/lily/PycharmProjects/pytest-bdd-project/amp/tests/features/05_change_system_language.feature: Change_system_language_updates_update_menu_labels"
"passed","Tue Sep 22 09:09:26 CST 2026","Tue Sep 22 09:10:41 CST 2026","74861","tests.steps","test_05_language","","","","test_change_system_language_updates_update_menu_labels[PortugueseBR-Checked: New online software]","/Users/lily/PycharmProjects/pytest-bdd-project/amp/tests/features/05_change_system_language.feature: Change_system_language_updates_update_menu_labels"
"passed","Thu Aug 13 15:55:43 CST 2026","Thu Aug 13 15:56:25 CST 2026","41988","tests.steps","test_00_adjust_volume","","","","test_adjust_volume[remote, 1]","/Users/lily/PycharmProjects/pytest-bdd-project/amp/tests/features/00_adjust_volume.feature: adjust_volume"
"passed","Tue Sep 22 10:34:21 CST 2026","Tue Sep 22 10:34:29 CST 2026","7930","tests.steps","test_03_adjust_display_brightness","","","","test_save_display_brightness[High]","/Users/lily/PycharmProjects/pytest-bdd-project/amp/tests/features/03_adjust_display_brightness.feature: Save_display_brightness"
"passed","Thu Aug 13 13:56:34 CST 2026","Thu Aug 13 13:57:07 CST 2026","32703","tests.steps","test_00_play_via_bluetooth_input","","","","test_pause_bluetooth_playback[remote]","/Users/lily/PycharmProjects/pytest-bdd-project/amp/tests/features/00_play_via_bluetooth_input.feature: Pause_Bluetooth_playback"
"passed","Fri Aug 14 10:27:18 CST 2026","Fri Aug 14 10:27:24 CST 2026","6755","","","","","","test_user_hides_input_from_the_source_menu[MICHI-AUX-1]","/Users/lily/PycharmProjects/pytest-bdd-project/amp/tests/features/01_hide_input.feature: user_hides_input_from_the_source_menu"
"passed","Tue Sep 22 10:39:17 CST 2026","Tue Sep 22 10:39:23 CST 2026","5119","tests.steps","test_03_adjust_led_brightness","","","","test_save_led_brightness[Low]","/Users/lily/PycharmProjects/pytest-bdd-project/amp/tests/features/03_adjust_led_brightness.feature: Save_LED_brightness"
"passed","Fri Aug 14 09:42:50 CST 2026","Fri Aug 14 09:43:15 CST 2026","24609","","","","","","test_user_use_12v_trigger_out[2-power_toggle!]","/Users/lily/PycharmProjects/pytest-bdd-project/amp/tests/features/00_12v_trigger_out.feature: user_use_12v_trigger_out"
"passed","Tue Aug 18 14:34:05 CST 2026","Tue Aug 18 14:34:27 CST 2026","22096","","","","","","test_save_display_brightness[High]","/Users/lily/PycharmProjects/pytest-bdd-project/amp/tests/features/03_adjust_display_brightness.feature: Save_display_brightness"
"passed","Tue Sep 22 08:56:51 CST 2026","Tue Sep 22 08:57:39 CST 2026","47887","tests.steps","test_05_language","","","","test_change_system_language_updates_update_menu_labels[Italian-Checked: Software is the latest]","/Users/lily/PycharmProjects/pytest-bdd-project/amp/tests/features/05_change_system_language.feature: Change_system_language_updates_update_menu_labels"
"passed","Mon Aug 17 15:07:20 CST 2026","Mon Aug 17 15:10:18 CST 2026","178036","tests.steps","test_02_signal_sense","","","","test_exit_standby_when_last_listening_source_is_signal_sense[COAX 1]","/Users/lily/PycharmProjects/pytest-bdd-project/amp/tests/features/02_signal_sense.feature: Exit_standby_when_last_listening_source_is_Signal_Sense"
"passed","Tue Sep 22 09:40:33 CST 2026","Tue Sep 22 09:42:20 CST 2026","107385","tests.steps","test_05_language","","","","test_change_system_language_updates_update_menu_labels[Polish-Start USB update]","/Users/lily/PycharmProjects/pytest-bdd-project/amp/tests/features/05_change_system_language.feature: Change_system_language_updates_update_menu_labels"
"passed","Fri Aug 14 15:23:05 CST 2026","Fri Aug 14 15:23:24 CST 2026","19296","","","","","","test_set_max_volume","/Users/lily/PycharmProjects/pytest-bdd-project/amp/tests/features/02_max_volume.feature: Set_Max_Volume"
"passed","Wed Sep 16 11:37:08 CST 2026","Wed Sep 16 11:39:18 CST 2026","129769","tests.steps","test_05_language","","","","test_change_system_language_updates_default_menu_labels[Swedish]","/Users/lily/PycharmProjects/pytest-bdd-project/amp/tests/features/05_change_system_language.feature: Change_system_language_updates_default_menu_labels"
"passed","Tue Sep 15 14:48:18 CST 2026","Tue Sep 15 14:48:30 CST 2026","11531","","","","","","test_change_system_language_updates_setup_menu_labels[German (2)]","/Users/lily/PycharmProjects/pytest-bdd-project/amp/tests/features/05_change_system_language.feature: Change_system_language_updates_setup_menu_labels"
"passed","Fri Sep 11 16:34:39 CST 2026","Fri Sep 11 16:34:45 CST 2026","5539","tests.steps","test_00_amplifier_control4_integration","","","","test_control_playback_via_control4[trkf!]","/Users/lily/PycharmProjects/pytest-bdd-project/amp/tests/features/00_amplifier_control4_integration.feature: Control_playback_via_Control4"
"passed","Mon Sep 21 16:05:41 CST 2026","Mon Sep 21 16:06:24 CST 2026","43335","tests.steps","test_05_language","","","","test_change_system_language_updates_update_menu_labels[English-Checked: USB source is unavailable]","/Users/lily/PycharmProjects/pytest-bdd-project/amp/tests/features/05_change_system_language.feature: Change_system_language_updates_update_menu_labels"
"passed","Tue Sep 15 15:53:07 CST 2026","Tue Sep 15 15:55:24 CST 2026","136525","tests.steps","test_05_language","","","","test_change_system_language_updates_setup_menu_labels[German (3)]","/Users/lily/PycharmProjects/pytest-bdd-project/amp/tests/features/05_change_system_language.feature: Change_system_language_updates_setup_menu_labels"
"passed","Thu Sep 03 14:54:18 CST 2026","Thu Sep 03 14:54:23 CST 2026","5029","tests.steps","test_00_amplifier_control4_integration","","","","test_modify_temporary_tone_control_settings_via_control4[balance_r!, balance=r01$]","/Users/lily/PycharmProjects/pytest-bdd-project/amp/tests/features/00_amplifier_control4_integration.feature: Modify_temporary_tone_control_settings_via_Control4"
"passed","Wed Sep 16 13:40:32 CST 2026","Wed Sep 16 13:40:54 CST 2026","21358","","","","","","test_change_system_language_updates_renew_ip_menu_labels[English]","/Users/lily/PycharmProjects/pytest-bdd-project/amp/tests/features/05_change_system_language.feature: Change_system_language_updates_renew_ip_menu_labels"
"passed","Mon Sep 21 16:26:56 CST 2026","Mon Sep 21 16:27:25 CST 2026","29482","tests.steps","test_05_language","","","","test_change_system_language_updates_update_menu_labels[Chinese-Checked: USB has no file]","/Users/lily/PycharmProjects/pytest-bdd-project/amp/tests/features/05_change_system_language.feature: Change_system_language_updates_update_menu_labels"
"failed","Fri Sep 11 16:38:47 CST 2026","Fri Sep 11 16:38:52 CST 2026","5347","tests.steps","test_00_amplifier_control4_integration","","","","test_query_system_status_via_control4[discover?, discover=ip=192.168.50.112port=9596mac=0CEFAF932491$]","/Users/lily/PycharmProjects/pytest-bdd-project/amp/tests/features/00_amplifier_control4_integration.feature: Query_system_status_via_Control4"
"passed","Thu Aug 13 08:55:36 CST 2026","Thu Aug 13 08:55:44 CST 2026","7847","","","","","","test_play_analog_audio[COMPACT DISC-Analog Input]","/Users/lily/PycharmProjects/pytest-bdd-project/amp/tests/features/00_play_via_analog_input.feature: Play_analog_audio"
"passed","Tue Sep 15 11:31:02 CST 2026","Tue Sep 15 11:35:30 CST 2026","268937","tests.steps","test_05_language","","","","test_change_system_language_updates_setup_menu_labels[French]","/Users/lily/PycharmProjects/pytest-bdd-project/amp/tests/features/05_change_system_language.feature: Change_system_language_updates_setup_menu_labels"
"passed","Tue Sep 15 09:30:13 CST 2026","Tue Sep 15 09:31:09 CST 2026","56209","","","","","","test_change_system_language_updates_setup_menu_labels[English]","/Users/lily/PycharmProjects/pytest-bdd-project/amp/tests/features/05_change_system_language.feature: Change_system_language_updates_setup_menu_labels"
"broken","Thu Aug 13 13:39:50 CST 2026","Thu Aug 13 13:39:58 CST 2026","8449","tests.steps","test_00_play_via_bluetooth_input","","","","test_change_track[app]","/Users/lily/PycharmProjects/pytest-bdd-project/amp/tests/features/00_play_via_bluetooth_input.feature: Change_track"
"passed","Mon Sep 21 16:19:36 CST 2026","Mon Sep 21 16:20:08 CST 2026","32461","tests.steps","test_05_language","","","","test_change_system_language_updates_update_menu_labels[German-Checked: Internet is unavailable]","/Users/lily/PycharmProjects/pytest-bdd-project/amp/tests/features/05_change_system_language.feature: Change_system_language_updates_update_menu_labels"
"passed","Tue Sep 15 16:10:56 CST 2026","Tue Sep 15 16:13:14 CST 2026","137883","tests.steps","test_05_language","","","","test_change_system_language_updates_setup_menu_labels[French (3)]","/Users/lily/PycharmProjects/pytest-bdd-project/amp/tests/features/05_change_system_language.feature: Change_system_language_updates_setup_menu_labels"
"broken","Wed Sep 16 13:49:20 CST 2026","Wed Sep 16 13:49:52 CST 2026","31917","tests.steps","test_05_language","","","","test_change_system_language_updates_renew_ip_menu_labels[English]","/Users/lily/PycharmProjects/pytest-bdd-project/amp/tests/features/05_change_system_language.feature: Change_system_language_updates_renew_ip_menu_labels"
"passed","Thu Sep 03 15:14:39 CST 2026","Thu Sep 03 15:14:45 CST 2026","6018","tests.steps","test_00_amplifier_control4_integration","","","","test_query_playback_status_via_control4[bypass?, bypass=on$]","/Users/lily/PycharmProjects/pytest-bdd-project/amp/tests/features/00_amplifier_control4_integration.feature: Query_playback_status_via_Control4"
"passed","Fri Sep 11 08:55:36 CST 2026","Fri Sep 11 08:55:37 CST 2026","941","","","","","","test_check_for_update_when_update_source_is_unavailable[USB-No USB Flash Drive Detected]","/Users/lily/PycharmProjects/pytest-bdd-project/amp/tests/features/05_system_update.feature: Check_for_update_when_update_source_is_unavailable"
"passed","Tue Sep 22 08:51:13 CST 2026","Tue Sep 22 08:52:01 CST 2026","48565","tests.steps","test_05_language","","","","test_change_system_language_updates_update_menu_labels[English-Checked: Software is the latest]","/Users/lily/PycharmProjects/pytest-bdd-project/amp/tests/features/05_change_system_language.feature: Change_system_language_updates_update_menu_labels"
"passed","Mon Sep 14 10:18:22 CST 2026","Mon Sep 14 10:18:25 CST 2026","3625","","","","","","test_update_get_disrupted_during_download[USB]","/Users/lily/PycharmProjects/pytest-bdd-project/amp/tests/features/05_system_update.feature: Update_get_disrupted_during_download"
"passed","Fri Aug 14 10:16:42 CST 2026","Fri Aug 14 10:17:15 CST 2026","32827","","","","","","test_user_hides_input_from_the_source_menu[MICHI-COAX 1-14]","/Users/lily/PycharmProjects/pytest-bdd-project/amp/tests/features/01_hide_input.feature: user_hides_input_from_the_source_menu"
"passed","Wed Sep 16 10:52:48 CST 2026","Wed Sep 16 10:54:49 CST 2026","121397","tests.steps","test_05_language","","","","test_change_system_language_updates_default_menu_labels[English]","/Users/lily/PycharmProjects/pytest-bdd-project/amp/tests/features/05_change_system_language.feature: Change_system_language_updates_default_menu_labels"
"passed","Tue Sep 22 09:34:31 CST 2026","Tue Sep 22 09:34:56 CST 2026","24430","","","","","","test_change_system_language_updates_update_menu_labels[Czech-Start USB update]","/Users/lily/PycharmProjects/pytest-bdd-project/amp/tests/features/05_change_system_language.feature: Change_system_language_updates_update_menu_labels"
"passed","Thu Sep 03 14:30:00 CST 2026","Thu Sep 03 14:30:04 CST 2026","3596","","","","","","test_query_system_status_via_control4[version?, version=1.00.02$]","/Users/lily/PycharmProjects/pytest-bdd-project/amp/tests/features/00_amplifier_control4_integration.feature: Query_system_status_via_Control4"
"failed","Thu Sep 03 14:44:34 CST 2026","Thu Sep 03 14:44:40 CST 2026","5168","tests.steps","test_00_amplifier_control4_integration","","","","test_change_source_via_control4[usb!, source=arc$]","/Users/lily/PycharmProjects/pytest-bdd-project/amp/tests/features/00_amplifier_control4_integration.feature: Change_source_via_Control4"
"passed","Tue Aug 18 08:55:29 CST 2026","Tue Aug 18 08:55:53 CST 2026","24649","","","","","","test_preview_tone_settings[bass, 10]","/Users/lily/PycharmProjects/pytest-bdd-project/amp/tests/features/02_tone_control.feature: Preview_tone_settings"
"passed","Tue Sep 15 10:39:18 CST 2026","Tue Sep 15 10:39:20 CST 2026","2193","","","","","","test_change_system_language_updates_setup_menu_labels[Polish]","/Users/lily/PycharmProjects/pytest-bdd-project/amp/tests/features/05_change_system_language.feature: Change_system_language_updates_setup_menu_labels"
"passed","Mon Sep 21 16:29:53 CST 2026","Mon Sep 21 16:30:22 CST 2026","29503","tests.steps","test_05_language","","","","test_change_system_language_updates_update_menu_labels[Italian-Checked: USB has no file]","/Users/lily/PycharmProjects/pytest-bdd-project/amp/tests/features/05_change_system_language.feature: Change_system_language_updates_update_menu_labels"
"passed","Tue Sep 15 15:50:56 CST 2026","Tue Sep 15 15:53:07 CST 2026","130811","tests.steps","test_05_language","","","","test_change_system_language_updates_setup_menu_labels[PortugueseBR (3)]","/Users/lily/PycharmProjects/pytest-bdd-project/amp/tests/features/05_change_system_language.feature: Change_system_language_updates_setup_menu_labels"
"passed","Thu Sep 03 14:51:44 CST 2026","Thu Sep 03 14:51:50 CST 2026","5811","tests.steps","test_00_amplifier_control4_integration","","","","test_change_volume_via_control4[vol_up!, volume=27$]","/Users/lily/PycharmProjects/pytest-bdd-project/amp/tests/features/00_amplifier_control4_integration.feature: Change_volume_via_Control4"
"passed","Tue Aug 18 09:20:10 CST 2026","Tue Aug 18 09:21:26 CST 2026","76251","tests.steps","test_02_tone_control","","","","test_preview_tone_settings[treble, -10]","/Users/lily/PycharmProjects/pytest-bdd-project/amp/tests/features/02_tone_control.feature: Preview_tone_settings"
"passed","Thu Sep 03 15:16:22 CST 2026","Thu Sep 03 15:16:28 CST 2026","6623","tests.steps","test_00_amplifier_control4_integration","","","","test_query_playback_status_via_control4[freq?, freq=2.8m$]","/Users/lily/PycharmProjects/pytest-bdd-project/amp/tests/features/00_amplifier_control4_integration.feature: Query_playback_status_via_Control4"
"passed","Mon Sep 14 10:37:27 CST 2026","Mon Sep 14 10:37:48 CST 2026","21006","tests.steps","test_05_system_update","","","","test_update_get_disrupted_during_update[USB]","/Users/lily/PycharmProjects/pytest-bdd-project/amp/tests/features/05_system_update.feature: Update_get_disrupted_during_update"
"passed","Tue Aug 18 10:39:53 CST 2026","Tue Aug 18 10:41:07 CST 2026","73827","tests.steps","test_02_tone_control","","","","test_set_temporary_tone[treble, -10]","/Users/lily/PycharmProjects/pytest-bdd-project/amp/tests/features/02_tone_control.feature: Set_temporary_tone"
"passed","Tue Sep 15 15:10:58 CST 2026","Tue Sep 15 15:14:36 CST 2026","218327","tests.steps","test_05_language","","","","test_change_system_language_updates_setup_menu_labels[Swedish (2)]","/Users/lily/PycharmProjects/pytest-bdd-project/amp/tests/features/05_change_system_language.feature: Change_system_language_updates_setup_menu_labels"
"passed","Fri Sep 11 14:12:11 CST 2026","Fri Sep 11 14:12:56 CST 2026","45034","","","","","","test_exit_standby_when_signal_sense_source_is_not_last_listening_source[PC-USB]","/Users/lily/PycharmProjects/pytest-bdd-project/amp/tests/features/02_signal_sense.feature: Exit_standby_when_Signal_Sense_source_is_NOT_last_listening_source"
"broken","Fri Sep 11 14:30:58 CST 2026","Fri Sep 11 14:31:17 CST 2026","18853","tests.steps","test_00_play_from_usb_source","","","","test_auto_start_usb_playback_when_audio_is_available[FLAC-Text and Artwork]","/Users/lily/PycharmProjects/pytest-bdd-project/amp/tests/features/00_play_from_usb_source.feature: Auto_start_USB_playback_when_audio_is_available"
"passed","Thu Aug 13 08:59:12 CST 2026","Thu Aug 13 08:59:33 CST 2026","21523","tests.steps","test_00_play_via_analog_input","","","","test_play_analog_audio[COMPACT DISC-Analog Input]","/Users/lily/PycharmProjects/pytest-bdd-project/amp/tests/features/00_play_via_analog_input.feature: Play_analog_audio"
"passed","Thu Sep 03 14:49:34 CST 2026","Thu Sep 03 14:49:43 CST 2026","9174","tests.steps","test_00_amplifier_control4_integration","","","","test_change_source_via_control4[usb!, source=usb$]","/Users/lily/PycharmProjects/pytest-bdd-project/amp/tests/features/00_amplifier_control4_integration.feature: Change_source_via_Control4"
"passed","Tue Sep 15 15:31:41 CST 2026","Tue Sep 15 15:32:11 CST 2026","30329","","","","","","test_change_system_language_updates_setup_menu_labels[Dutch (2)]","/Users/lily/PycharmProjects/pytest-bdd-project/amp/tests/features/05_change_system_language.feature: Change_system_language_updates_setup_menu_labels"
"broken","Fri Aug 14 09:59:45 CST 2026","Fri Aug 14 09:59:59 CST 2026","13590","tests.steps","test_01_fix_volume","","","","test_user_preview_fixed_volume[MICHI-45]","/Users/lily/PycharmProjects/pytest-bdd-project/amp/tests/features/01_fix_volume.feature: user_preview_fixed_volume"
"passed","Fri Sep 11 14:03:55 CST 2026","Fri Sep 11 14:07:01 CST 2026","185779","tests.steps","test_02_signal_sense","","","","test_exit_standby_when_signal_sense_source_is_last_listening_source[PC-USB]","/Users/lily/PycharmProjects/pytest-bdd-project/amp/tests/features/02_signal_sense.feature: Exit_standby_when_Signal_Sense_source_is_last_listening_source"
"passed","Tue Sep 22 08:52:50 CST 2026","Tue Sep 22 08:53:38 CST 2026","48385","tests.steps","test_05_language","","","","test_change_system_language_updates_update_menu_labels[Czech-Checked: Software is the latest]","/Users/lily/PycharmProjects/pytest-bdd-project/amp/tests/features/05_change_system_language.feature: Change_system_language_updates_update_menu_labels"
"passed","Tue Sep 15 13:30:51 CST 2026","Tue Sep 15 13:32:21 CST 2026","89603","tests.steps","test_05_language","","","","test_change_system_language_updates_setup_menu_labels[Italian]","/Users/lily/PycharmProjects/pytest-bdd-project/amp/tests/features/05_change_system_language.feature: Change_system_language_updates_setup_menu_labels"
"passed","Thu Sep 03 14:19:09 CST 2026","Thu Sep 03 14:19:24 CST 2026","15685","tests.steps","test_00_amplifier_control4_integration","","","","test_control_system_power_via_control4[power_toggle!, power=standby$]","/Users/lily/PycharmProjects/pytest-bdd-project/amp/tests/features/00_amplifier_control4_integration.feature: Control_system_power_via_Control4"
"passed","Tue Sep 15 13:53:52 CST 2026","Tue Sep 15 13:54:04 CST 2026","11996","","","","","","test_change_system_language_updates_setup_menu_labels[English (2)]","/Users/lily/PycharmProjects/pytest-bdd-project/amp/tests/features/05_change_system_language.feature: Change_system_language_updates_setup_menu_labels"
"passed","Tue Sep 15 11:35:31 CST 2026","Tue Sep 15 11:40:01 CST 2026","270801","tests.steps","test_05_language","","","","test_change_system_language_updates_setup_menu_labels[Dutch]","/Users/lily/PycharmProjects/pytest-bdd-project/amp/tests/features/05_change_system_language.feature: Change_system_language_updates_setup_menu_labels"
"passed","Mon Sep 14 10:18:10 CST 2026","Mon Sep 14 10:18:18 CST 2026","7708","","","","","","test_update_get_disrupted_during_download[USB]","/Users/lily/PycharmProjects/pytest-bdd-project/amp/tests/features/05_system_update.feature: Update_get_disrupted_during_download"
"passed","Tue Sep 22 10:39:23 CST 2026","Tue Sep 22 10:39:28 CST 2026","5494","tests.steps","test_03_adjust_led_brightness","","","","test_dim_led_brightness_in_standby[Low]","/Users/lily/PycharmProjects/pytest-bdd-project/amp/tests/features/03_adjust_led_brightness.feature: Dim_LED_brightness_in_standby"
"passed","Tue Sep 15 15:45:26 CST 2026","Tue Sep 15 15:48:17 CST 2026","171073","tests.steps","test_05_language","","","","test_change_system_language_updates_setup_menu_labels[Chinese (3)]","/Users/lily/PycharmProjects/pytest-bdd-project/amp/tests/features/05_change_system_language.feature: Change_system_language_updates_setup_menu_labels"
"passed","Mon Sep 14 09:59:00 CST 2026","Mon Sep 14 09:59:57 CST 2026","57606","","","","","","test_check_for_update_when_update_source_is_unavailable[USB-No USB Flash Drive Detected]","/Users/lily/PycharmProjects/pytest-bdd-project/amp/tests/features/05_system_update.feature: Check_for_update_when_update_source_is_unavailable"
"passed","Thu Sep 03 14:43:24 CST 2026","Thu Sep 03 14:43:30 CST 2026","5399","tests.steps","test_00_amplifier_control4_integration","","","","test_change_source_via_control4[tuner!, source=tuner$]","/Users/lily/PycharmProjects/pytest-bdd-project/amp/tests/features/00_amplifier_control4_integration.feature: Change_source_via_Control4"
"passed","Wed Sep 16 11:19:24 CST 2026","Wed Sep 16 11:19:49 CST 2026","24849","","","","","","test_change_system_language_updates_default_menu_labels[Russian]","/Users/lily/PycharmProjects/pytest-bdd-project/amp/tests/features/05_change_system_language.feature: Change_system_language_updates_default_menu_labels"
"passed","Fri Sep 11 14:14:32 CST 2026","Fri Sep 11 14:15:17 CST 2026","45119","","","","","","test_exit_standby_when_signal_sense_source_is_not_last_listening_source[PC-USB]","/Users/lily/PycharmProjects/pytest-bdd-project/amp/tests/features/02_signal_sense.feature: Exit_standby_when_Signal_Sense_source_is_NOT_last_listening_source"
"passed","Tue Aug 18 10:13:27 CST 2026","Tue Aug 18 10:13:29 CST 2026","1516","","","","","","test_set_temporary_tone[bass, -10]","/Users/lily/PycharmProjects/pytest-bdd-project/amp/tests/features/02_tone_control.feature: Set_temporary_tone"
"passed","Tue Sep 15 09:53:06 CST 2026","Tue Sep 15 09:53:27 CST 2026","21306","","","","","","test_change_system_language_updates_setup_menu_labels[English]","/Users/lily/PycharmProjects/pytest-bdd-project/amp/tests/features/05_change_system_language.feature: Change_system_language_updates_setup_menu_labels"
"passed","Tue Sep 22 09:32:51 CST 2026","Tue Sep 22 09:34:31 CST 2026","99888","tests.steps","test_05_language","","","","test_change_system_language_updates_update_menu_labels[Chinese-Start USB update]","/Users/lily/PycharmProjects/pytest-bdd-project/amp/tests/features/05_change_system_language.feature: Change_system_language_updates_update_menu_labels"
"passed","Tue Aug 18 09:25:12 CST 2026","Tue Aug 18 09:26:24 CST 2026","72581","tests.steps","test_02_tone_control","","","","test_preview_tone_settings[balance, R10]","/Users/lily/PycharmProjects/pytest-bdd-project/amp/tests/features/02_tone_control.feature: Preview_tone_settings"
"passed","Tue Sep 15 11:12:59 CST 2026","Tue Sep 15 11:17:36 CST 2026","276635","tests.steps","test_05_language","","","","test_change_system_language_updates_setup_menu_labels[Russian]","/Users/lily/PycharmProjects/pytest-bdd-project/amp/tests/features/05_change_system_language.feature: Change_system_language_updates_setup_menu_labels"
"passed","Thu Sep 03 08:46:10 CST 2026","Thu Sep 03 08:46:14 CST 2026","4245","tests.steps","test_00_play_from_usb_source","","","","test_detect_supported_usb_filesystem[exFAT, 256GB]","/Users/lily/PycharmProjects/pytest-bdd-project/amp/tests/features/00_play_from_usb_source.feature: Detect_supported_USB_filesystem"
"passed","Thu Sep 03 14:25:21 CST 2026","Thu Sep 03 14:25:27 CST 2026","6228","tests.steps","test_00_amplifier_control4_integration","","","","test_update_auto_status_feedback_via_control4[rs232_update_on!]","/Users/lily/PycharmProjects/pytest-bdd-project/amp/tests/features/00_amplifier_control4_integration.feature: Update_auto_status_feedback_via_Control4"
"passed","Mon Sep 21 16:29:23 CST 2026","Mon Sep 21 16:29:52 CST 2026","29416","tests.steps","test_05_language","","","","test_change_system_language_updates_update_menu_labels[Russian-Checked: USB has no file]","/Users/lily/PycharmProjects/pytest-bdd-project/amp/tests/features/05_change_system_language.feature: Change_system_language_updates_update_menu_labels"
"passed","Tue Aug 18 09:45:30 CST 2026","Tue Aug 18 09:46:15 CST 2026","44713","tests.steps","test_02_tone_control","","","","test_save_tone_settings","/Users/lily/PycharmProjects/pytest-bdd-project/amp/tests/features/02_tone_control.feature: Save_tone_settings"
"passed","Tue Sep 15 15:03:36 CST 2026","Tue Sep 15 15:07:21 CST 2026","224266","tests.steps","test_05_language","","","","test_change_system_language_updates_setup_menu_labels[Italian (2)]","/Users/lily/PycharmProjects/pytest-bdd-project/amp/tests/features/05_change_system_language.feature: Change_system_language_updates_setup_menu_labels"
"passed","Mon Sep 21 16:16:39 CST 2026","Mon Sep 21 16:17:14 CST 2026","34133","","","","","","test_change_system_language_updates_update_menu_labels[Chinese-Checked: Internet is unavailable]","/Users/lily/PycharmProjects/pytest-bdd-project/amp/tests/features/05_change_system_language.feature: Change_system_language_updates_update_menu_labels"
"passed","Wed Sep 16 11:21:23 CST 2026","Wed Sep 16 11:22:17 CST 2026","53975","","","","","","test_change_system_language_updates_default_menu_labels[Polish]","/Users/lily/PycharmProjects/pytest-bdd-project/amp/tests/features/05_change_system_language.feature: Change_system_language_updates_default_menu_labels"
"passed","Tue Sep 15 14:17:42 CST 2026","Tue Sep 15 14:21:22 CST 2026","220391","tests.steps","test_05_language","","","","test_change_system_language_updates_setup_menu_labels[English (2)]","/Users/lily/PycharmProjects/pytest-bdd-project/amp/tests/features/05_change_system_language.feature: Change_system_language_updates_setup_menu_labels"
"passed","Thu Sep 03 14:53:44 CST 2026","Thu Sep 03 14:53:49 CST 2026","5139","tests.steps","test_00_amplifier_control4_integration","","","","test_modify_temporary_tone_control_settings_via_control4[bass_up!, bass=+01$]","/Users/lily/PycharmProjects/pytest-bdd-project/amp/tests/features/00_amplifier_control4_integration.feature: Modify_temporary_tone_control_settings_via_Control4"
"passed","Mon Sep 14 11:06:11 CST 2026","Mon Sep 14 11:06:12 CST 2026","154","","","","","","test_update_successfully_via_the_usb[NTFS,65GB-USB]","/Users/lily/PycharmProjects/pytest-bdd-project/amp/tests/features/05_system_update.feature: Update_successfully_via_the_USB"
"passed","Tue Sep 22 09:15:45 CST 2026","Tue Sep 22 09:17:00 CST 2026","75480","tests.steps","test_05_language","","","","test_change_system_language_updates_update_menu_labels[Spanish-Checked: New online software]","/Users/lily/PycharmProjects/pytest-bdd-project/amp/tests/features/05_change_system_language.feature: Change_system_language_updates_update_menu_labels"
"passed","Wed Sep 16 10:37:51 CST 2026","Wed Sep 16 10:39:12 CST 2026","81199","","","","","","test_change_system_language_updates_default_menu_labels[English]","/Users/lily/PycharmProjects/pytest-bdd-project/amp/tests/features/05_change_system_language.feature: Change_system_language_updates_default_menu_labels"
"passed","Tue Sep 15 15:29:47 CST 2026","Tue Sep 15 15:31:31 CST 2026","104738","","","","","","test_change_system_language_updates_setup_menu_labels[Dutch (2)]","/Users/lily/PycharmProjects/pytest-bdd-project/amp/tests/features/05_change_system_language.feature: Change_system_language_updates_setup_menu_labels"
"passed","Mon Sep 21 16:22:17 CST 2026","Mon Sep 21 16:22:50 CST 2026","32589","tests.steps","test_05_language","","","","test_change_system_language_updates_update_menu_labels[Swedish-Checked: Internet is unavailable]","/Users/lily/PycharmProjects/pytest-bdd-project/amp/tests/features/05_change_system_language.feature: Change_system_language_updates_update_menu_labels"
"passed","Thu Sep 03 14:32:43 CST 2026","Thu Sep 03 14:32:49 CST 2026","5711","tests.steps","test_00_amplifier_control4_integration","","","","test_query_system_status_via_control4[model?, model=p430$]","/Users/lily/PycharmProjects/pytest-bdd-project/amp/tests/features/00_amplifier_control4_integration.feature: Query_system_status_via_Control4"
"passed","Tue Sep 22 09:36:59 CST 2026","Tue Sep 22 09:38:46 CST 2026","106791","tests.steps","test_05_language","","","","test_change_system_language_updates_update_menu_labels[PortugueseBR-Start USB update]","/Users/lily/PycharmProjects/pytest-bdd-project/amp/tests/features/05_change_system_language.feature: Change_system_language_updates_update_menu_labels"
"broken","Thu Aug 13 15:53:02 CST 2026","Thu Aug 13 15:54:48 CST 2026","105711","tests.steps","test_00_adjust_volume","","","","test_adjust_volume[remote, 0]","/Users/lily/PycharmProjects/pytest-bdd-project/amp/tests/features/00_adjust_volume.feature: adjust_volume"
"passed","Tue Sep 22 09:35:13 CST 2026","Tue Sep 22 09:36:59 CST 2026","105734","tests.steps","test_05_language","","","","test_change_system_language_updates_update_menu_labels[Czech-Start USB update]","/Users/lily/PycharmProjects/pytest-bdd-project/amp/tests/features/05_change_system_language.feature: Change_system_language_updates_update_menu_labels"
"passed","Fri Aug 14 10:16:09 CST 2026","Fri Aug 14 10:16:36 CST 2026","26961","","","","","","test_user_hides_input_from_the_source_menu[MICHI-COAX 1-14]","/Users/lily/PycharmProjects/pytest-bdd-project/amp/tests/features/01_hide_input.feature: user_hides_input_from_the_source_menu"
"passed","Fri Aug 14 10:04:34 CST 2026","Fri Aug 14 10:04:58 CST 2026","23638","","","","","","test_user_preview_fixed_volume[MICHI-45-COAX 1]","/Users/lily/PycharmProjects/pytest-bdd-project/amp/tests/features/01_fix_volume.feature: user_preview_fixed_volume"
"passed","Fri Sep 11 14:25:29 CST 2026","Fri Sep 11 14:25:32 CST 2026","2976","","","","","","test_exit_standby_when_signal_sense_source_is_not_last_listening_source[BLUETOOTH]","/Users/lily/PycharmProjects/pytest-bdd-project/amp/tests/features/02_signal_sense.feature: Exit_standby_when_Signal_Sense_source_is_NOT_last_listening_source"
"passed","Thu Sep 03 14:32:50 CST 2026","Thu Sep 03 14:32:55 CST 2026","5370","tests.steps","test_00_amplifier_control4_integration","","","","test_query_system_status_via_control4[mac?, mac=0CEFAF932491$]","/Users/lily/PycharmProjects/pytest-bdd-project/amp/tests/features/00_amplifier_control4_integration.feature: Query_system_status_via_Control4"
"passed","Wed Sep 16 10:52:11 CST 2026","Wed Sep 16 10:52:30 CST 2026","18193","","","","","","test_change_system_language_updates_default_menu_labels[English]","/Users/lily/PycharmProjects/pytest-bdd-project/amp/tests/features/05_change_system_language.feature: Change_system_language_updates_default_menu_labels"
"passed","Fri Aug 14 09:45:20 CST 2026","Fri Aug 14 09:45:48 CST 2026","28100","tests.steps","test_00_12v_trigger_out","","","","test_user_use_12v_trigger_out[2-power_toggle!]","/Users/lily/PycharmProjects/pytest-bdd-project/amp/tests/features/00_12v_trigger_out.feature: user_use_12v_trigger_out"
"passed","Wed Sep 16 10:56:47 CST 2026","Wed Sep 16 10:58:59 CST 2026","131925","tests.steps","test_05_language","","","","test_change_system_language_updates_default_menu_labels[Czech]","/Users/lily/PycharmProjects/pytest-bdd-project/amp/tests/features/05_change_system_language.feature: Change_system_language_updates_default_menu_labels"
"passed","Tue Sep 22 09:42:20 CST 2026","Tue Sep 22 09:44:06 CST 2026","105892","tests.steps","test_05_language","","","","test_change_system_language_updates_update_menu_labels[Russian-Start USB update]","/Users/lily/PycharmProjects/pytest-bdd-project/amp/tests/features/05_change_system_language.feature: Change_system_language_updates_update_menu_labels"
"passed","Fri Sep 11 14:15:20 CST 2026","Fri Sep 11 14:18:49 CST 2026","208973","tests.steps","test_02_signal_sense","","","","test_exit_standby_when_signal_sense_source_is_not_last_listening_source[PC-USB]","/Users/lily/PycharmProjects/pytest-bdd-project/amp/tests/features/02_signal_sense.feature: Exit_standby_when_Signal_Sense_source_is_NOT_last_listening_source"
"passed","Thu Aug 13 13:35:36 CST 2026","Thu Aug 13 13:35:41 CST 2026","5042","tests.steps","test_00_play_via_bluetooth_input","","","","test_seek_playback","/Users/lily/PycharmProjects/pytest-bdd-project/amp/tests/features/00_play_via_bluetooth_input.feature: Seek_playback"
"passed","Mon Sep 21 16:12:11 CST 2026","Mon Sep 21 16:12:50 CST 2026","38573","tests.steps","test_05_language","","","","test_change_system_language_updates_update_menu_labels[French-Checked: USB source is unavailable]","/Users/lily/PycharmProjects/pytest-bdd-project/amp/tests/features/05_change_system_language.feature: Change_system_language_updates_update_menu_labels"
"passed","Thu Sep 03 14:32:31 CST 2026","Thu Sep 03 14:32:36 CST 2026","5331","tests.steps","test_00_amplifier_control4_integration","","","","test_query_system_status_via_control4[version?, version=1.00.02$]","/Users/lily/PycharmProjects/pytest-bdd-project/amp/tests/features/00_amplifier_control4_integration.feature: Query_system_status_via_Control4"
"passed","Tue Aug 18 14:47:13 CST 2026","Tue Aug 18 14:47:59 CST 2026","46107","tests.steps","test_03_adjust_display_brightness","","","","test_dim_the_display_temporarily","/Users/lily/PycharmProjects/pytest-bdd-project/amp/tests/features/03_adjust_display_brightness.feature: Dim_the_display_temporarily"
"passed","Mon Sep 21 16:20:40 CST 2026","Mon Sep 21 16:21:13 CST 2026","32348","tests.steps","test_05_language","","","","test_change_system_language_updates_update_menu_labels[Russian-Checked: Internet is unavailable]","/Users/lily/PycharmProjects/pytest-bdd-project/amp/tests/features/05_change_system_language.feature: Change_system_language_updates_update_menu_labels"
"passed","Thu Aug 13 11:33:10 CST 2026","Thu Aug 13 11:33:32 CST 2026","21292","","","","","","test_play_bluetooth_audio[AAC]","/Users/lily/PycharmProjects/pytest-bdd-project/amp/tests/features/00_play_via_bluetooth_input.feature: Play_Bluetooth_audio"
"broken","Thu Aug 13 11:32:17 CST 2026","Thu Aug 13 11:32:31 CST 2026","14070","tests.steps","test_00_play_via_bluetooth_input","","","","test_play_bluetooth_audio[AAC]","/Users/lily/PycharmProjects/pytest-bdd-project/amp/tests/features/00_play_via_bluetooth_input.feature: Play_Bluetooth_audio"
"passed","Thu Sep 03 14:44:04 CST 2026","Thu Sep 03 14:44:09 CST 2026","5217","tests.steps","test_00_amplifier_control4_integration","","","","test_change_source_via_control4[opt2!, source=opt2$]","/Users/lily/PycharmProjects/pytest-bdd-project/amp/tests/features/00_amplifier_control4_integration.feature: Change_source_via_Control4"
"passed","Wed Sep 16 11:29:17 CST 2026","Wed Sep 16 11:31:50 CST 2026","153112","tests.steps","test_05_language","","","","test_change_system_language_updates_default_menu_labels[Polish]","/Users/lily/PycharmProjects/pytest-bdd-project/amp/tests/features/05_change_system_language.feature: Change_system_language_updates_default_menu_labels"
"passed","Thu Sep 03 14:20:05 CST 2026","Thu Sep 03 14:20:11 CST 2026","5290","tests.steps","test_00_amplifier_control4_integration","","","","test_change_display_dimmer_via_control4[dimmer_0!, dimmer=0$]","/Users/lily/PycharmProjects/pytest-bdd-project/amp/tests/features/00_amplifier_control4_integration.feature: Change_display_dimmer_via_Control4"
"passed","Tue Sep 22 09:44:06 CST 2026","Tue Sep 22 09:46:00 CST 2026","113829","tests.steps","test_05_language","","","","test_change_system_language_updates_update_menu_labels[Italian-Start USB update]","/Users/lily/PycharmProjects/pytest-bdd-project/amp/tests/features/05_change_system_language.feature: Change_system_language_updates_update_menu_labels"
"passed","Wed Sep 16 10:58:59 CST 2026","Wed Sep 16 11:01:01 CST 2026","122490","tests.steps","test_05_language","","","","test_change_system_language_updates_default_menu_labels[PortugueseBR]","/Users/lily/PycharmProjects/pytest-bdd-project/amp/tests/features/05_change_system_language.feature: Change_system_language_updates_default_menu_labels"
"passed","Thu Sep 03 15:14:13 CST 2026","Thu Sep 03 15:14:19 CST 2026","5891","tests.steps","test_00_amplifier_control4_integration","","","","test_query_playback_status_via_control4[name?, name=PC-USB$]","/Users/lily/PycharmProjects/pytest-bdd-project/amp/tests/features/00_amplifier_control4_integration.feature: Query_playback_status_via_Control4"
"passed","Thu Sep 03 15:16:49 CST 2026","Thu Sep 03 15:16:55 CST 2026","6409","tests.steps","test_00_amplifier_control4_integration","","","","test_query_playback_status_via_control4[balance?, balance=000$]","/Users/lily/PycharmProjects/pytest-bdd-project/amp/tests/features/00_amplifier_control4_integration.feature: Query_playback_status_via_Control4"
"passed","Mon Sep 21 16:31:21 CST 2026","Mon Sep 21 16:31:50 CST 2026","29364","tests.steps","test_05_language","","","","test_change_system_language_updates_update_menu_labels[French-Checked: USB has no file]","/Users/lily/PycharmProjects/pytest-bdd-project/amp/tests/features/05_change_system_language.feature: Change_system_language_updates_update_menu_labels"
"passed","Mon Sep 14 10:11:17 CST 2026","Mon Sep 14 10:11:59 CST 2026","42092","","","","","","test_update_get_disrupted_during_download[USB]","/Users/lily/PycharmProjects/pytest-bdd-project/amp/tests/features/05_system_update.feature: Update_get_disrupted_during_download"
"passed","Thu Sep 03 09:54:12 CST 2026","Thu Sep 03 09:54:34 CST 2026","22563","","","","","","test_exit_standby_when_signal_sense_source_is_last_listening_source[BLUETOOTH]","/Users/lily/PycharmProjects/pytest-bdd-project/amp/tests/features/02_signal_sense.feature: Exit_standby_when_Signal_Sense_source_is_last_listening_source"
"passed","Mon Sep 21 16:04:59 CST 2026","Mon Sep 21 16:05:26 CST 2026","26889","","","","","","test_change_system_language_updates_update_menu_labels[English-Checked: USB source is unavailable]","/Users/lily/PycharmProjects/pytest-bdd-project/amp/tests/features/05_change_system_language.feature: Change_system_language_updates_update_menu_labels"
"passed","Fri Aug 14 11:11:37 CST 2026","Fri Aug 14 11:12:05 CST 2026","27897","","","","","","test_rename_an_input_source","/Users/lily/PycharmProjects/pytest-bdd-project/amp/tests/features/01_rename_input_source.feature: Rename an input source"
"passed","Tue Sep 22 09:28:41 CST 2026","Tue Sep 22 09:29:31 CST 2026","50166","","","","","","test_change_system_language_updates_update_menu_labels[English-Start USB update]","/Users/lily/PycharmProjects/pytest-bdd-project/amp/tests/features/05_change_system_language.feature: Change_system_language_updates_update_menu_labels"
"passed","Wed Aug 19 10:43:46 CST 2026","Wed Aug 19 10:43:52 CST 2026","6557","tests.steps","test_04_change_network_type","","","","test_set_static_ip","/Users/lily/PycharmProjects/pytest-bdd-project/amp/tests/features/04_change_network_type.feature: Set_Static_IP"
"failed","Fri Sep 11 16:36:06 CST 2026","Fri Sep 11 16:36:16 CST 2026","10168","tests.steps","test_00_amplifier_control4_integration","","","","test_change_source_via_control4[arc!, source=arc$]","/Users/lily/PycharmProjects/pytest-bdd-project/amp/tests/features/00_amplifier_control4_integration.feature: Change_source_via_Control4"
"passed","Mon Sep 21 16:45:57 CST 2026","Mon Sep 21 16:46:44 CST 2026","47336","tests.steps","test_05_language","","","","test_change_system_language_updates_update_menu_labels[Russian-Checked: Server has no file]","/Users/lily/PycharmProjects/pytest-bdd-project/amp/tests/features/05_change_system_language.feature: Change_system_language_updates_update_menu_labels"
"passed","Tue Sep 22 09:00:04 CST 2026","Tue Sep 22 09:00:52 CST 2026","47973","tests.steps","test_05_language","","","","test_change_system_language_updates_update_menu_labels[Dutch-Checked: Software is the latest]","/Users/lily/PycharmProjects/pytest-bdd-project/amp/tests/features/05_change_system_language.feature: Change_system_language_updates_update_menu_labels"
"passed","Mon Sep 21 16:40:09 CST 2026","Mon Sep 21 16:40:56 CST 2026","47474","tests.steps","test_05_language","","","","test_change_system_language_updates_update_menu_labels[English-Checked: Server has no file]","/Users/lily/PycharmProjects/pytest-bdd-project/amp/tests/features/05_change_system_language.feature: Change_system_language_updates_update_menu_labels"
"passed","Mon Sep 14 11:06:18 CST 2026","Mon Sep 14 11:09:40 CST 2026","202401","tests.steps","test_05_system_update","","","","test_update_successfully_via_the_usb[NTFS,64GB-USB]","/Users/lily/PycharmProjects/pytest-bdd-project/amp/tests/features/05_system_update.feature: Update_successfully_via_the_USB"
"passed","Tue Sep 01 14:52:54 CST 2026","Tue Sep 01 14:53:02 CST 2026","7999","tests.steps","test_00_play_from_usb_source","","","","test_detect_supported_usb_filesystem[FAT32, 256GB]","/Users/lily/PycharmProjects/pytest-bdd-project/amp/tests/features/00_play_from_usb_source.feature: Detect_supported_USB_filesystem"
"passed","Mon Aug 17 15:06:12 CST 2026","Mon Aug 17 15:06:40 CST 2026","28084","","","","","","test_exit_standby_when_last_listening_source_is_signal_sense[COAX 1]","/Users/lily/PycharmProjects/pytest-bdd-project/amp/tests/features/02_signal_sense.feature: Exit_standby_when_last_listening_source_is_Signal_Sense"
"passed","Tue Sep 15 15:48:17 CST 2026","Tue Sep 15 15:50:29 CST 2026","132068","tests.steps","test_05_language","","","","test_change_system_language_updates_setup_menu_labels[Czech (3)]","/Users/lily/PycharmProjects/pytest-bdd-project/amp/tests/features/05_change_system_language.feature: Change_system_language_updates_setup_menu_labels"
"passed","Tue Sep 22 09:49:34 CST 2026","Tue Sep 22 09:51:29 CST 2026","115189","tests.steps","test_05_language","","","","test_change_system_language_updates_update_menu_labels[French-Start USB update]","/Users/lily/PycharmProjects/pytest-bdd-project/amp/tests/features/05_change_system_language.feature: Change_system_language_updates_update_menu_labels"
"passed","Tue Aug 18 11:37:56 CST 2026","Tue Aug 18 11:38:28 CST 2026","32301","","","","","","test_set_temporary_tone[bass, +10]","/Users/lily/PycharmProjects/pytest-bdd-project/amp/tests/features/02_tone_control.feature: Set_temporary_tone"
"passed","Mon Sep 14 10:40:36 CST 2026","Mon Sep 14 10:40:37 CST 2026","1063","","","","","","test_update_successfully_via_the_usb[MBR,FAT32,16GB-USB]","/Users/lily/PycharmProjects/pytest-bdd-project/amp/tests/features/05_system_update.feature: Update_successfully_via_the_USB"
"passed","Mon Sep 21 14:24:44 CST 2026","Mon Sep 21 14:26:25 CST 2026","100512","tests.steps","test_05_system_update","","","","test_check_for_update_when_update_source_is_unavailable[Internet-No Network]","/Users/lily/PycharmProjects/pytest-bdd-project/amp/tests/features/05_system_update.feature: Check_for_update_when_update_source_is_unavailable"
"passed","Mon Sep 21 16:09:37 CST 2026","Mon Sep 21 16:10:15 CST 2026","38280","tests.steps","test_05_language","","","","test_change_system_language_updates_update_menu_labels[Russian-Checked: USB source is unavailable]","/Users/lily/PycharmProjects/pytest-bdd-project/amp/tests/features/05_change_system_language.feature: Change_system_language_updates_update_menu_labels"
"passed","Tue Sep 22 09:47:47 CST 2026","Tue Sep 22 09:49:34 CST 2026","106972","tests.steps","test_05_language","","","","test_change_system_language_updates_update_menu_labels[Swedish-Start USB update]","/Users/lily/PycharmProjects/pytest-bdd-project/amp/tests/features/05_change_system_language.feature: Change_system_language_updates_update_menu_labels"
"passed","Tue Sep 15 14:21:22 CST 2026","Tue Sep 15 14:25:10 CST 2026","228384","tests.steps","test_05_language","","","","test_change_system_language_updates_setup_menu_labels[Chinese (2)]","/Users/lily/PycharmProjects/pytest-bdd-project/amp/tests/features/05_change_system_language.feature: Change_system_language_updates_setup_menu_labels"
"passed","Fri Aug 14 09:50:31 CST 2026","Fri Aug 14 09:50:59 CST 2026","27771","tests.steps","test_00_12v_trigger_out","","","","test_user_use_12v_trigger_out[1-power_toggle!-1-2]","/Users/lily/PycharmProjects/pytest-bdd-project/amp/tests/features/00_12v_trigger_out.feature: user_use_12v_trigger_out"
"passed","Mon Sep 21 16:07:03 CST 2026","Mon Sep 21 16:07:42 CST 2026","38802","tests.steps","test_05_language","","","","test_change_system_language_updates_update_menu_labels[Czech-Checked: USB source is unavailable]","/Users/lily/PycharmProjects/pytest-bdd-project/amp/tests/features/05_change_system_language.feature: Change_system_language_updates_update_menu_labels"
"passed","Thu Sep 03 14:43:58 CST 2026","Thu Sep 03 14:44:03 CST 2026","5147","tests.steps","test_00_amplifier_control4_integration","","","","test_change_source_via_control4[opt1!, source=opt1$]","/Users/lily/PycharmProjects/pytest-bdd-project/amp/tests/features/00_amplifier_control4_integration.feature: Change_source_via_Control4"
"passed","Tue Sep 22 09:29:49 CST 2026","Tue Sep 22 09:31:28 CST 2026","99464","tests.steps","test_05_language","","","","test_change_system_language_updates_update_menu_labels[English-Start USB update]","/Users/lily/PycharmProjects/pytest-bdd-project/amp/tests/features/05_change_system_language.feature: Change_system_language_updates_update_menu_labels"
"passed","Tue Sep 22 08:59:16 CST 2026","Tue Sep 22 09:00:04 CST 2026","47991","tests.steps","test_05_language","","","","test_change_system_language_updates_update_menu_labels[French-Checked: Software is the latest]","/Users/lily/PycharmProjects/pytest-bdd-project/amp/tests/features/05_change_system_language.feature: Change_system_language_updates_update_menu_labels"
"passed","Fri Aug 14 14:30:16 CST 2026","Fri Aug 14 14:30:44 CST 2026","28198","tests.steps","test_02_home_theater_bypass","","","","test_turn_off_avr_after_12v_trigger_turn_on","/Users/lily/PycharmProjects/pytest-bdd-project/amp/tests/features/02_home_theater_bypass.feature: Turn_off_AVR_after_12V_Trigger_turn_on"
"passed","Fri Aug 14 14:38:52 CST 2026","Fri Aug 14 14:39:10 CST 2026","18497","tests.steps","test_02_home_theater_bypass","","","","test_turn_off_avr_after_switching_from_another_source_to_ht_bypass","/Users/lily/PycharmProjects/pytest-bdd-project/amp/tests/features/02_home_theater_bypass.feature: Turn_off_AVR_after_switching_from_another_source_to_HT_Bypass"
"passed","Tue Sep 22 09:13:13 CST 2026","Tue Sep 22 09:14:29 CST 2026","75815","tests.steps","test_05_language","","","","test_change_system_language_updates_update_menu_labels[Russian-Checked: New online software]","/Users/lily/PycharmProjects/pytest-bdd-project/amp/tests/features/05_change_system_language.feature: Change_system_language_updates_update_menu_labels"
"passed","Thu Sep 03 14:54:12 CST 2026","Thu Sep 03 14:54:18 CST 2026","5333","tests.steps","test_00_amplifier_control4_integration","","","","test_modify_temporary_tone_control_settings_via_control4[treble_down!, treble=-01$]","/Users/lily/PycharmProjects/pytest-bdd-project/amp/tests/features/00_amplifier_control4_integration.feature: Modify_temporary_tone_control_settings_via_Control4"
"passed","Tue Sep 22 09:25:32 CST 2026","Tue Sep 22 09:25:51 CST 2026","18897","","","","","","test_change_system_language_updates_update_menu_labels[English-Start USB update]","/Users/lily/PycharmProjects/pytest-bdd-project/amp/tests/features/05_change_system_language.feature: Change_system_language_updates_update_menu_labels"
"broken","Thu Aug 13 11:46:34 CST 2026","Thu Aug 13 11:46:40 CST 2026","6309","tests.steps","test_00_play_via_bluetooth_input","","","","test_change_track[remote]","/Users/lily/PycharmProjects/pytest-bdd-project/amp/tests/features/00_play_via_bluetooth_input.feature: Change_track"
"passed","Fri Sep 11 16:34:06 CST 2026","Fri Sep 11 16:34:12 CST 2026","5482","tests.steps","test_00_amplifier_control4_integration","","","","test_control_playback_via_control4[play!]","/Users/lily/PycharmProjects/pytest-bdd-project/amp/tests/features/00_amplifier_control4_integration.feature: Control_playback_via_Control4"
"passed","Tue Sep 15 13:30:32 CST 2026","Tue Sep 15 13:30:47 CST 2026","14808","","","","","","test_change_system_language_updates_setup_menu_labels[Italian]","/Users/lily/PycharmProjects/pytest-bdd-project/amp/tests/features/05_change_system_language.feature: Change_system_language_updates_setup_menu_labels"
"passed","Fri Aug 14 09:47:24 CST 2026","Fri Aug 14 09:47:52 CST 2026","27248","tests.steps","test_00_12v_trigger_out","","","","test_user_use_12v_trigger_out[2-power_toggle!-1-2]","/Users/lily/PycharmProjects/pytest-bdd-project/amp/tests/features/00_12v_trigger_out.feature: user_use_12v_trigger_out"
"passed","Tue Sep 01 11:43:57 CST 2026","Tue Sep 01 12:06:34 CST 2026","1356612","tests.steps","test_05_auto_power_off","","","","test_set_auto_power_off[20 Mins]","/Users/lily/PycharmProjects/pytest-bdd-project/amp/tests/features/05_auto_power_off.feature: Set_Auto_Power_Off"
"passed","Thu Sep 03 14:51:51 CST 2026","Thu Sep 03 14:51:57 CST 2026","6570","tests.steps","test_00_amplifier_control4_integration","","","","test_change_volume_via_control4[vol_dwn!, volume=26$]","/Users/lily/PycharmProjects/pytest-bdd-project/amp/tests/features/00_amplifier_control4_integration.feature: Change_volume_via_Control4"
"passed","Thu Sep 03 10:52:33 CST 2026","Thu Sep 03 10:55:16 CST 2026","163273","tests.steps","test_02_signal_sense","","","","test_exit_standby_when_signal_sense_source_is_not_last_listening_source[COAX 1]","/Users/lily/PycharmProjects/pytest-bdd-project/amp/tests/features/02_signal_sense.feature: Exit_standby_when_Signal_Sense_source_is_NOT_last_listening_source"
"passed","Fri Sep 11 13:46:56 CST 2026","Fri Sep 11 13:47:58 CST 2026","62530","","","","","","test_update_successfully_via_the_usb[MBR,FAT32,16GB-USB]","/Users/lily/PycharmProjects/pytest-bdd-project/amp/tests/features/05_system_update.feature: Update_successfully_via_the_USB"
"passed","Thu Sep 03 11:10:51 CST 2026","Thu Sep 03 11:24:06 CST 2026","794646","tests.steps","test_02_signal_sense","","","","test_remain_in_standby_when_playback_continues[COAX 1]","/Users/lily/PycharmProjects/pytest-bdd-project/amp/tests/features/02_signal_sense.feature: Remain_in_standby_when_playback_continues"
"passed","Fri Aug 14 14:11:43 CST 2026","Fri Aug 14 14:11:44 CST 2026","247","","","","","","test_turn_on_avr_when_both_devices_are_off","/Users/lily/PycharmProjects/pytest-bdd-project/amp/tests/features/02_home_theater_bypass.feature: Turn_on_AVR_when_both_devices_are_off"
"passed","Tue Sep 15 13:54:29 CST 2026","Tue Sep 15 13:55:29 CST 2026","59412","","","","","","test_change_system_language_updates_setup_menu_labels[English (2)]","/Users/lily/PycharmProjects/pytest-bdd-project/amp/tests/features/05_change_system_language.feature: Change_system_language_updates_setup_menu_labels"
"passed","Wed Sep 16 11:20:03 CST 2026","Wed Sep 16 11:20:37 CST 2026","33533","","","","","","test_change_system_language_updates_default_menu_labels[Polish]","/Users/lily/PycharmProjects/pytest-bdd-project/amp/tests/features/05_change_system_language.feature: Change_system_language_updates_default_menu_labels"
"passed","Mon Sep 21 14:45:45 CST 2026","Mon Sep 21 14:53:32 CST 2026","467383","tests.steps","test_05_system_update","","","","test_update_successfully_via_the_internet","/Users/lily/PycharmProjects/pytest-bdd-project/amp/tests/features/05_system_update.feature: Update_successfully_via_the_internet"
"passed","Tue Sep 15 13:51:38 CST 2026","Tue Sep 15 13:51:57 CST 2026","19794","","","","","","test_change_system_language_updates_setup_menu_labels[English (2)]","/Users/lily/PycharmProjects/pytest-bdd-project/amp/tests/features/05_change_system_language.feature: Change_system_language_updates_setup_menu_labels"
"passed","Thu Sep 03 14:53:50 CST 2026","Thu Sep 03 14:53:55 CST 2026","5330","tests.steps","test_00_amplifier_control4_integration","","","","test_modify_temporary_tone_control_settings_via_control4[bass_000!, bass=000$]","/Users/lily/PycharmProjects/pytest-bdd-project/amp/tests/features/00_amplifier_control4_integration.feature: Modify_temporary_tone_control_settings_via_Control4"
"passed","Thu Aug 13 10:37:52 CST 2026","Thu Aug 13 10:38:12 CST 2026","19869","tests.steps","test_00_play_via_bluetooth_input","","","","test_connect_to_the_system","/Users/lily/PycharmProjects/pytest-bdd-project/amp/tests/features/00_play_via_bluetooth_input.feature: Connect_to_the_system"
"passed","Mon Sep 21 16:23:22 CST 2026","Mon Sep 21 16:23:55 CST 2026","32447","tests.steps","test_05_language","","","","test_change_system_language_updates_update_menu_labels[Dutch-Checked: Internet is unavailable]","/Users/lily/PycharmProjects/pytest-bdd-project/amp/tests/features/05_change_system_language.feature: Change_system_language_updates_update_menu_labels"
"broken","Thu Aug 13 15:55:03 CST 2026","Thu Aug 13 15:55:24 CST 2026","21039","tests.steps","test_00_adjust_volume","","","","test_adjust_volume[remote, 45]","/Users/lily/PycharmProjects/pytest-bdd-project/amp/tests/features/00_adjust_volume.feature: adjust_volume"
"passed","Mon Sep 21 16:47:32 CST 2026","Mon Sep 21 16:48:19 CST 2026","47330","tests.steps","test_05_language","","","","test_change_system_language_updates_update_menu_labels[Spanish-Checked: Server has no file]","/Users/lily/PycharmProjects/pytest-bdd-project/amp/tests/features/05_change_system_language.feature: Change_system_language_updates_update_menu_labels"
"passed","Mon Sep 21 16:26:26 CST 2026","Mon Sep 21 16:26:56 CST 2026","29172","tests.steps","test_05_language","","","","test_change_system_language_updates_update_menu_labels[English-Checked: USB has no file]","/Users/lily/PycharmProjects/pytest-bdd-project/amp/tests/features/05_change_system_language.feature: Change_system_language_updates_update_menu_labels"
"passed","Thu Sep 03 15:14:07 CST 2026","Thu Sep 03 15:14:13 CST 2026","6099","tests.steps","test_00_amplifier_control4_integration","","","","test_query_playback_status_via_control4[source?, source=pcusb$]","/Users/lily/PycharmProjects/pytest-bdd-project/amp/tests/features/00_amplifier_control4_integration.feature: Query_playback_status_via_Control4"
"passed","Tue Sep 22 08:54:26 CST 2026","Tue Sep 22 08:55:14 CST 2026","48095","tests.steps","test_05_language","","","","test_change_system_language_updates_update_menu_labels[German-Checked: Software is the latest]","/Users/lily/PycharmProjects/pytest-bdd-project/amp/tests/features/05_change_system_language.feature: Change_system_language_updates_update_menu_labels"
"passed","Mon Sep 21 16:30:51 CST 2026","Mon Sep 21 16:31:21 CST 2026","29493","tests.steps","test_05_language","","","","test_change_system_language_updates_update_menu_labels[Swedish-Checked: USB has no file]","/Users/lily/PycharmProjects/pytest-bdd-project/amp/tests/features/05_change_system_language.feature: Change_system_language_updates_update_menu_labels"
"passed","Thu Sep 03 14:54:07 CST 2026","Thu Sep 03 14:54:12 CST 2026","5251","tests.steps","test_00_amplifier_control4_integration","","","","test_modify_temporary_tone_control_settings_via_control4[treble_000!, treble=000$]","/Users/lily/PycharmProjects/pytest-bdd-project/amp/tests/features/00_amplifier_control4_integration.feature: Modify_temporary_tone_control_settings_via_Control4"
"passed","Tue Sep 15 14:34:32 CST 2026","Tue Sep 15 14:34:39 CST 2026","7195","","","","","","test_change_system_language_updates_setup_menu_labels[English (2)]","/Users/lily/PycharmProjects/pytest-bdd-project/amp/tests/features/05_change_system_language.feature: Change_system_language_updates_setup_menu_labels"
"passed","Wed Sep 16 11:11:33 CST 2026","Wed Sep 16 11:11:57 CST 2026","24030","","","","","","test_change_system_language_updates_default_menu_labels[German]","/Users/lily/PycharmProjects/pytest-bdd-project/amp/tests/features/05_change_system_language.feature: Change_system_language_updates_default_menu_labels"
"passed","Fri Aug 14 10:32:19 CST 2026","Fri Aug 14 10:32:37 CST 2026","18426","","","","","","test_user_hides_input_from_the_source_menu[MICHI-AUX-1]","/Users/lily/PycharmProjects/pytest-bdd-project/amp/tests/features/01_hide_input.feature: user_hides_input_from_the_source_menu"
"passed","Mon Sep 14 10:00:03 CST 2026","Mon Sep 14 10:00:32 CST 2026","28356","","","","","","test_check_for_update_when_update_source_is_unavailable[USB-No USB Flash Drive Detected]","/Users/lily/PycharmProjects/pytest-bdd-project/amp/tests/features/05_system_update.feature: Check_for_update_when_update_source_is_unavailable"
"passed","Mon Sep 21 16:18:30 CST 2026","Mon Sep 21 16:19:03 CST 2026","32517","tests.steps","test_05_language","","","","test_change_system_language_updates_update_menu_labels[Czech-Checked: Internet is unavailable]","/Users/lily/PycharmProjects/pytest-bdd-project/amp/tests/features/05_change_system_language.feature: Change_system_language_updates_update_menu_labels"
"passed","Tue Aug 18 10:34:26 CST 2026","Tue Aug 18 10:35:38 CST 2026","72115","tests.steps","test_02_tone_control","","","","test_set_temporary_tone[bass, -10]","/Users/lily/PycharmProjects/pytest-bdd-project/amp/tests/features/02_tone_control.feature: Set_temporary_tone"
"passed","Thu Aug 13 09:53:28 CST 2026","Thu Aug 13 09:53:48 CST 2026","19756","tests.steps","test_00_play_via_digital_input","","","","test_digital_audio_signal_stops","/Users/lily/PycharmProjects/pytest-bdd-project/amp/tests/features/00_play_via_digital_input.feature: Digital_audio_signal_stops"
"passed","Tue Aug 18 14:29:17 CST 2026","Tue Aug 18 14:30:17 CST 2026","59921","tests.steps","test_03_adjust_display_brightness","","","","test_preview_display_brightness[Low]","/Users/lily/PycharmProjects/pytest-bdd-project/amp/tests/features/03_adjust_display_brightness.feature: Preview_display_brightness"
"passed","Tue Sep 15 16:02:17 CST 2026","Tue Sep 15 16:02:37 CST 2026","20038","","","","","","test_change_system_language_updates_setup_menu_labels[Spanish (3)]","/Users/lily/PycharmProjects/pytest-bdd-project/amp/tests/features/05_change_system_language.feature: Change_system_language_updates_setup_menu_labels"
"passed","Tue Sep 15 14:00:28 CST 2026","Tue Sep 15 14:00:30 CST 2026","2909","","","","","","test_change_system_language_updates_setup_menu_labels[English (2)]","/Users/lily/PycharmProjects/pytest-bdd-project/amp/tests/features/05_change_system_language.feature: Change_system_language_updates_setup_menu_labels"
